,Name,Position,Age,Rust Percentage,Clean Sheet,Tackle Percentage ,Air Cannon,Intervention,Running Distance,Number of Matches,Classes
0,Daniel Brown,Defense,34,32,70,86,8,14,250,102,0
1,Jonathon Chase,Defense,22,39,48,48,13,13,350,149,2
2,Timothy Patterson,Defense,20,68,48,86,13,14,450,102,3
3,Charles Reeves,Defense,20,39,48,26,16,13,300,145,2
4,Charles Foster,Defense,29,43,48,60,9,15,400,90,2
5,Bryan Stewart,Defense,16,32,70,86,10,8,250,155,0
6,Gary Schwartz,Defense,34,32,70,60,9,14,250,149,2
7,Michael Hunter,Defense,17,68,49,42,16,14,400,145,1
8,Kevin Wright,Defense,34,68,70,89,18,16,350,102,0
9,Timothy Aguirre,Defense,21,43,70,26,16,13,450,149,2
10,Brandon Berry,Defense,27,59,54,42,8,14,400,140,1
11,Justin Tucker,Defense,29,59,40,26,13,14,200,150,1
12,Justin Burch,Defense,20,32,48,48,10,14,300,155,2
13,Christopher Gray,Defense,34,32,40,89,9,13,350,155,0
14,Samuel Gray,Defense,29,68,95,42,13,8,250,150,1
15,Timothy Ramirez,Defense,36,32,70,60,18,13,450,155,2
16,Michael Meyer,Defense,36,32,52,89,8,13,500,150,0
17,Edward Shah,Defense,32,32,49,26,10,6,250,145,2
18,Christopher Cowan,Defense,17,98,52,60,18,16,400,155,1
19,Peter Hamilton,Defense,19,32,49,42,16,10,450,155,2
20,Alexander Delacruz,Defense,27,68,40,48,10,13,200,140,1
21,Russell Forbes,Defense,36,43,48,26,18,14,350,140,2
22,Douglas Herman,Defense,21,32,48,86,13,13,450,140,0
23,John Reyes,Defense,34,73,52,48,10,10,400,90,1
24,Travis Diaz,Defense,18,43,95,86,16,13,300,149,0
25,Mr. Mitchell Jones,Defense,22,43,40,92,16,15,350,149,0
26,Todd Hernandez,Defense,20,32,49,86,18,6,250,145,0
27,Eugene Khan,Defense,22,73,52,42,16,13,450,155,1
28,Justin Swanson,Defense,27,59,54,26,8,16,400,140,1
29,Stephen Burns,Defense,17,68,95,26,13,8,350,150,1
30,Ryan Ramirez,Defense,34,59,52,86,18,8,450,90,3
31,Andrew Hudson,Defense,34,43,54,42,8,13,250,140,2
32,Jonathan Simpson,Defense,29,39,70,89,13,15,300,149,0
33,Robert English,Defense,17,39,70,42,13,6,450,155,2
34,Matthew Swanson,Defense,18,68,95,48,9,13,450,155,1
35,Scott Thomas,Defense,20,59,95,92,13,10,450,140,0
36,Anthony Marks,Defense,19,68,95,92,9,15,400,150,0
37,Carlos Vargas,Defense,17,39,48,60,8,8,450,149,2
38,Anthony Kaufman,Defense,20,73,70,60,16,16,300,102,1
39,Cody Ayala,Defense,34,73,49,60,16,8,500,145,1
40,Joshua Le,Defense,29,73,40,26,9,16,400,140,1
41,Brian Gonzalez,Defense,18,39,70,86,16,15,400,90,0
42,Brandon Wolfe,Defense,21,43,49,48,9,10,300,149,2
43,Benjamin Morgan,Defense,27,59,52,89,13,8,300,90,3
44,Nathaniel Strickland,Defense,19,73,54,89,9,8,300,140,3
45,Mr. Daniel Jones,Defense,21,32,49,89,13,8,250,140,0
46,Jonathan Pope,Defense,21,39,95,42,13,13,500,145,2
47,Jack Fuller,Defense,17,98,40,60,16,14,300,90,1
48,Keith Day,Defense,27,39,95,92,13,16,350,155,0
49,Eric Delgado,Defense,32,98,52,86,18,6,200,140,3
50,Marcus Jennings,Defense,21,39,52,42,10,16,200,145,2
51,Michael Werner,Defense,19,43,95,48,9,14,500,140,2
52,Jared Herrera,Defense,16,32,54,42,8,6,350,102,2
53,Mario Mitchell,Defense,36,43,95,92,16,14,250,149,0
54,Brian Ortiz,Defense,17,98,49,26,16,14,350,140,1
55,Gary Wilkins,Defense,29,39,70,86,10,10,350,150,0
56,Richard Hughes,Defense,22,32,95,26,13,15,500,150,2
57,Joshua Golden,Defense,36,39,49,48,9,15,400,140,2
58,Mr. Tyrone Brown PhD,Defense,36,32,48,26,10,13,400,155,2
59,Dustin Ward,Defense,32,32,54,48,10,14,350,149,2
60,Mr. Daniel Mason,Defense,25,43,48,48,8,13,500,102,2
61,Brandon Miller,Defense,20,43,49,42,13,6,400,155,2
62,Dr. Austin Nelson,Defense,17,59,52,60,8,15,300,140,1
63,Dr. Eric Cook,Defense,32,73,40,26,13,15,350,145,1
64,Christopher Leach,Defense,25,43,49,92,16,15,400,150,0
65,George Moran,Defense,25,43,95,26,13,14,300,140,2
66,David Mann,Defense,27,32,95,92,18,13,400,145,0
67,Jacob Powell,Defense,34,43,40,92,18,15,400,145,0
68,Kristopher Fisher,Defense,20,39,70,92,8,8,350,102,0
69,James Coleman,Defense,34,39,95,92,18,6,400,145,0
70,Bryan Mcdonald,Defense,29,73,95,26,16,15,300,145,1
71,Mark Perez,Defense,25,32,49,48,18,13,250,150,2
72,Edward Valenzuela,Defense,17,32,95,48,16,10,300,102,2
73,Mark Rogers,Defense,20,59,40,48,13,8,450,145,1
74,Danny Parker,Defense,17,73,95,89,8,8,250,150,0
75,Tim Byrd,Defense,32,98,40,92,13,14,500,150,3
76,David Pitts,Defense,22,98,48,48,13,16,400,140,1
77,Richard Malone,Defense,21,68,49,42,16,16,200,140,1
78,Stephen Pacheco,Defense,32,32,52,42,16,8,250,155,2
79,James Young,Defense,18,73,54,86,10,14,350,155,3
80,Kevin Martinez,Defense,27,32,48,92,9,10,500,102,0
81,Richard Armstrong,Defense,18,98,70,92,9,14,300,90,3
82,George Meza,Defense,21,32,48,42,9,6,500,145,2
83,John Conley,Defense,29,59,54,89,13,16,300,102,3
84,Kevin Taylor,Defense,17,59,40,60,9,15,300,149,1
85,Aaron Robles,Defense,36,98,48,26,8,14,250,140,1
86,Aaron White,Defense,21,32,40,26,16,10,300,155,2
87,Riley Grimes,Defense,19,39,52,26,13,10,250,140,2
88,Timothy Castillo,Defense,34,43,48,48,9,13,350,90,2
89,Michael Weaver,Defense,34,59,95,26,16,14,450,90,1
90,Russell Lopez,Defense,25,59,40,89,10,6,250,149,3
91,Shane Burns,Defense,29,98,40,89,16,16,450,145,3
92,Nicholas Nixon,Defense,36,68,70,86,9,16,200,140,0
93,Anthony Steele,Defense,25,43,48,60,9,10,250,149,2
94,Devin Mcgee,Defense,36,98,52,42,18,13,500,155,1
95,Gregory Smith,Defense,34,73,95,92,13,14,450,102,0
96,Matthew Gregory,Defense,20,59,49,92,8,13,400,90,3
97,Adam Wood,Defense,22,32,40,26,13,15,250,102,2
98,Corey Lamb,Defense,20,43,40,42,8,6,350,140,2
99,Donald Guzman,Defense,21,98,48,60,18,13,300,102,1
100,Jermaine Phillips,Defense,17,32,49,42,8,16,450,145,2
101,Roberto Miles,Defense,21,43,54,89,10,8,350,155,0
102,James Henderson,Defense,16,68,70,86,9,15,350,102,0
103,Caleb Hamilton,Defense,29,39,52,26,10,6,300,90,2
104,Michael Stewart,Defense,20,43,52,48,13,6,250,90,2
105,Steve Gibson,Defense,21,68,95,89,16,8,450,150,0
106,Darryl Rose,Defense,22,32,40,92,13,15,500,102,0
107,David Tucker,Defense,17,68,49,92,13,6,300,102,3
108,Robert Walker,Defense,32,68,95,92,16,10,450,140,0
109,Melvin Francis,Defense,32,73,49,89,18,15,250,140,3
110,Samuel Hawkins,Defense,36,98,52,48,10,8,350,145,1
111,Dwayne Garcia,Defense,18,73,52,89,9,13,400,150,3
112,Brad Fernandez,Defense,16,32,48,26,13,13,300,90,2
113,Robert Avila,Defense,20,68,54,60,9,13,400,102,1
114,Andrew Moore,Defense,18,68,52,48,13,16,450,149,1
115,Eric Walker,Defense,22,73,52,42,16,6,500,145,1
116,Jordan Davis,Defense,22,32,54,26,18,8,500,102,2
117,Donald Barker,Defense,32,32,95,42,8,6,200,149,2
118,Michael Wilson,Defense,36,32,40,92,8,14,400,145,0
119,Shane Baker,Defense,34,73,70,48,10,8,300,140,1
120,Joshua Cunningham,Defense,22,68,70,86,18,14,450,145,0
121,Jose Palmer,Defense,19,59,52,48,13,8,500,145,1
122,Harry Hammond,Defense,34,73,52,89,18,14,500,155,3
123,Philip Joseph,Defense,29,39,48,89,13,16,200,145,0
124,Ronnie Christian,Defense,20,43,48,86,13,14,250,140,0
125,Alexander Frank,Defense,18,43,48,60,13,14,300,90,2
126,Jason Huang,Defense,18,39,40,60,16,14,250,90,2
127,Shane George,Defense,34,59,48,42,13,16,500,90,1
128,Thomas Brooks,Defense,17,59,52,86,13,10,350,155,3
129,Gary Ferguson,Defense,36,98,52,26,9,10,200,102,1
130,Paul Kramer,Defense,18,73,95,48,8,8,400,150,1
131,Derrick Morse,Defense,16,32,54,89,18,14,300,90,0
132,Brian Livingston,Defense,19,98,95,86,10,6,500,102,3
133,Geoffrey Stanley,Defense,17,68,95,42,8,14,450,155,1
134,Darrell Weiss,Defense,19,68,40,42,8,14,400,145,1
135,Andrew Frank,Defense,17,39,95,42,18,15,450,90,2
136,Kevin Hale,Defense,22,43,95,26,10,6,300,140,2
137,Alexander Hughes,Defense,29,59,40,89,13,15,300,149,3
138,Eric Cohen,Defense,16,98,54,48,9,15,500,155,1
139,Jacob Stewart,Defense,19,68,48,86,18,6,350,140,3
140,Matthew Parker,Defense,32,32,49,48,13,10,500,155,2
141,Gabriel Moore,Defense,16,39,54,42,18,8,350,102,2
142,Todd Martin,Defense,36,43,48,92,10,10,200,102,0
143,Jason Davis,Defense,18,43,52,26,13,15,300,90,2
144,Brandon Weaver,Defense,36,39,70,89,10,6,200,90,0
145,Todd Edwards,Defense,27,73,95,92,10,15,350,155,0
146,Jesse Schultz,Defense,17,68,52,86,10,15,300,90,3
147,Dylan Frazier,Defense,32,59,52,42,10,6,250,150,1
148,Jordan Powers,Defense,19,59,54,26,18,10,250,149,1
149,Johnny Flowers,Defense,22,32,40,89,13,8,350,140,0
150,Michael Lee,Defense,29,68,95,26,8,8,400,150,1
151,Thomas Robinson,Defense,34,32,52,42,16,13,400,140,2
152,Raymond Silva,Defense,16,43,49,89,9,8,300,145,0
153,Jeff Davis,Defense,19,43,95,42,8,13,350,140,2
154,Johnny Bell,Defense,18,59,49,89,13,8,250,102,3
155,Randy Evans,Defense,29,39,48,26,18,8,350,90,2
156,Billy Silva,Defense,21,39,70,86,13,8,450,149,0
157,Nicholas Taylor,Defense,27,32,40,26,13,6,400,145,2
158,James Taylor,Defense,20,98,95,60,8,15,250,150,1
159,Isaac Gomez,Defense,22,59,95,92,13,10,400,149,0
160,Jason Daniels,Defense,20,59,70,86,16,15,250,102,0
161,Taylor Henderson,Defense,29,73,40,26,18,14,250,145,1
162,Jay Washington,Defense,20,32,54,86,13,16,250,149,0
163,Gary Barnes,Defense,32,59,54,48,13,14,500,155,1
164,Mark Ramirez,Defense,32,39,70,26,8,8,400,140,2
165,Jeff Jenkins,Defense,22,73,70,26,10,16,450,149,1
166,Scott Boyer,Defense,19,43,70,26,9,10,350,145,2
167,Steve Case,Defense,29,98,48,42,16,8,250,149,1
168,Devin Morgan,Defense,19,68,49,48,13,16,350,149,1
169,Sean Miller,Defense,36,73,54,42,9,6,350,140,1
170,Randall Allen,Defense,17,43,52,92,9,15,300,150,0
171,Christopher Weeks,Defense,29,59,48,60,9,16,450,145,1
172,Samuel Jones,Defense,32,73,95,92,9,15,200,155,0
173,Jeffrey Short,Defense,16,39,70,48,8,10,350,102,2
174,Kenneth Montgomery,Defense,17,59,48,92,13,14,500,90,3
175,Brian Harrison,Defense,19,32,54,48,16,8,350,155,2
176,Christopher Lowery,Defense,18,73,95,26,13,16,400,140,1
177,Ronald Baldwin,Defense,18,73,95,60,9,10,300,155,1
178,Daniel Mills,Defense,22,68,95,42,8,13,400,102,1
179,Joseph King,Defense,20,73,70,42,18,6,450,145,1
180,Douglas Dudley,Defense,32,43,70,92,13,8,400,145,0
181,Nicholas Villegas,Defense,17,32,48,86,13,8,300,102,0
182,Jamie Lawson,Defense,20,43,95,48,10,13,350,102,2
183,Randy Humphrey,Defense,21,59,48,86,13,6,300,90,3
184,Joseph Blair,Defense,32,98,49,60,16,15,350,145,1
185,Joseph Diaz,Defense,18,32,49,89,16,6,450,140,0
186,Bryan Liu,Defense,18,73,40,86,10,13,500,155,3
187,Jack Watson,Defense,36,98,48,86,13,14,350,145,3
188,Timothy Olson,Defense,22,73,49,86,13,6,350,140,3
189,Don Vaughan,Defense,21,59,95,92,13,14,400,140,0
190,Joshua Rivera,Defense,32,32,40,92,8,14,500,145,0
191,Kyle Johnson,Defense,16,32,52,92,9,16,350,90,0
192,Mark Freeman,Defense,36,68,49,60,8,6,400,150,1
193,Samuel Smith,Defense,22,32,95,86,10,13,400,155,0
194,John Mccann,Defense,34,59,95,48,9,15,200,155,1
195,Jon White,Defense,34,68,48,86,16,15,250,149,3
196,Joel Gentry,Defense,22,68,52,89,13,10,300,149,3
197,Nicholas Webster,Defense,32,43,54,60,16,14,450,149,2
198,Seth Haas,Defense,16,39,54,86,10,16,450,90,0
199,Alex Valenzuela,Defense,34,68,48,92,13,16,500,102,3
200,Peter West,Defense,21,59,49,89,8,10,500,140,3
201,Eduardo Arnold,Defense,21,98,49,42,8,14,200,145,1
202,Ryan Oliver DVM,Defense,27,98,52,42,18,14,450,102,1
203,Arthur Leblanc,Defense,36,73,95,60,9,6,500,155,1
204,Stanley Davis,Defense,32,68,40,60,13,16,500,140,1
205,Phillip Fields MD,Defense,29,39,52,92,8,8,400,155,0
206,Brandon Gonzalez,Defense,17,98,48,89,9,15,500,140,3
207,Gregory Morris,Defense,22,43,40,48,13,13,450,140,2
208,Anthony Drake MD,Defense,17,98,95,60,10,14,400,102,1
209,Steven Calhoun,Defense,34,73,70,26,13,13,200,140,1
210,Brian Watson,Defense,21,32,49,86,18,8,400,140,0
211,Thomas Castaneda,Defense,34,73,54,48,10,14,500,145,1
212,Erik Evans,Defense,17,68,95,42,16,14,200,150,1
213,Scott Johnson,Defense,21,73,95,92,9,14,350,149,0
214,Anthony Mitchell,Defense,27,73,95,60,9,10,400,155,1
215,Jason Macdonald,Defense,32,32,52,86,10,6,500,155,0
216,Juan Smith,Defense,27,98,70,42,18,10,300,149,1
217,Jesse Brady,Defense,18,68,54,92,18,14,500,90,3
218,Joseph Manning,Defense,36,39,54,89,13,16,500,149,0
219,John Arnold,Defense,34,68,70,42,18,14,300,140,1
220,Robert Morrison,Defense,36,32,40,86,13,8,200,145,0
221,Eric Mills,Defense,20,43,70,89,10,8,500,90,0
222,Dustin Taylor,Defense,25,98,95,60,13,14,450,155,1
223,Jose Foster,Defense,32,43,52,92,9,14,350,90,0
224,Robert Rice,Defense,21,43,40,26,18,15,300,150,2
225,Charles Martinez,Defense,32,59,70,42,13,16,200,140,1
226,Matthew Perez,Defense,34,73,54,48,18,10,350,90,1
227,Daniel Pierce,Defense,16,32,95,26,8,14,350,149,2
228,Ricardo Green,Defense,29,98,95,42,8,14,400,149,1
229,Joshua Anderson,Defense,19,98,52,60,18,8,250,155,1
230,Thomas Mclaughlin,Defense,18,98,95,92,10,14,200,102,3
231,Andrew Douglas,Defense,20,73,54,42,13,6,300,150,1
232,Edward Knight,Defense,18,43,48,48,8,13,250,155,2
233,Cameron Hebert MD,Defense,17,59,49,48,18,15,200,150,1
234,James Grimes,Defense,34,43,95,60,8,14,400,150,2
235,Michael Pierce,Defense,18,39,52,92,9,6,300,155,0
236,Richard Dean,Defense,27,39,40,92,9,10,300,149,0
237,Patrick Hooper,Defense,19,32,54,48,10,13,250,145,2
238,Jason Bryant,Defense,18,39,48,89,10,14,250,102,0
239,Brian Combs,Defense,22,43,52,26,10,6,400,155,2
240,Taylor Jones,Defense,21,39,54,92,10,8,450,140,0
241,Ryan Blake,Defense,36,73,54,60,18,10,300,90,1
242,Oscar Rogers,Defense,36,59,70,89,16,6,300,155,0
243,Mark Lucero,Defense,32,73,49,60,18,10,200,155,1
244,Larry Salazar,Defense,22,39,95,92,9,16,200,150,0
245,Kevin Hill,Defense,17,43,54,60,16,14,500,155,2
246,Matthew Anderson,Defense,36,73,49,42,9,16,300,155,1
247,Andrew Rios,Defense,27,43,40,92,18,8,300,102,0
248,Jack Brooks,Defense,36,68,48,92,16,16,250,140,3
249,Gregory Hooper,Defense,36,73,49,86,13,16,350,90,3
250,Casey Kelly,Defense,18,98,54,48,13,15,300,149,1
251,Joshua Ortiz,Defense,34,68,70,92,18,13,450,102,0
252,Jose Reid,Defense,17,39,48,89,16,14,500,90,0
253,Ruben Fields,Defense,32,43,70,92,9,16,400,149,0
254,Christopher Hamilton DVM,Defense,22,73,95,26,18,15,300,102,1
255,Douglas Riley,Defense,21,43,52,60,10,6,400,102,2
256,David Taylor,Defense,29,68,48,60,18,6,350,149,1
257,Jerry Russo,Defense,22,73,49,48,10,16,400,149,1
258,David Meyer,Defense,25,98,70,60,13,6,200,145,1
259,Jackson Payne,Defense,25,73,49,92,18,16,500,150,3
260,Matthew Morales,Defense,16,73,54,86,16,16,250,155,3
261,Mike Perez,Defense,17,68,49,60,16,13,350,150,1
262,Paul Wells,Defense,19,98,70,42,10,15,300,145,1
263,Randy Hodges,Defense,19,39,48,86,9,13,500,102,0
264,Mathew Richardson,Defense,25,43,54,48,10,16,300,155,2
265,Douglas Hernandez,Defense,19,43,95,42,13,6,500,149,2
266,Jeffrey Nolan,Defense,25,59,49,89,13,8,500,102,3
267,Jeremy Preston,Defense,34,98,70,60,18,16,400,145,1
268,Cory Carpenter,Defense,32,68,52,86,9,8,250,140,3
269,George Mcdowell DDS,Defense,36,73,70,86,13,15,200,145,0
270,Christopher Nolan,Defense,27,39,40,89,10,13,500,102,0
271,Erik Brown,Defense,29,73,95,26,9,10,200,155,1
272,Jeff Hurley,Defense,19,32,70,92,8,16,400,90,0
273,Jermaine Elliott,Defense,27,32,48,86,16,6,400,155,0
274,Lawrence Robinson,Defense,29,32,54,48,18,13,300,150,2
275,Logan Montgomery,Defense,22,73,40,92,13,15,250,155,3
276,Christian Burns,Defense,36,59,54,26,13,13,400,90,1
277,Daniel Mcintosh,Defense,20,39,49,60,10,16,350,150,2
278,Mark Flynn,Defense,21,59,54,86,16,8,300,102,3
279,Edward Ward,Defense,27,59,70,89,13,13,300,145,0
280,Randall Sandoval,Defense,16,59,49,48,10,15,350,140,1
281,Joseph Sutton,Defense,19,73,95,86,10,10,350,155,0
282,Corey Rice,Defense,29,98,70,26,8,6,250,102,1
283,Alejandro Collins,Defense,34,98,40,89,13,13,400,90,3
284,Tristan Miller,Defense,18,39,52,86,8,15,500,155,0
285,David Kaiser,Defense,29,98,48,26,8,16,500,155,1
286,Jacob Bates,Defense,19,39,48,42,13,10,200,149,2
287,Roger Ross,Defense,19,32,40,26,13,6,250,90,2
288,Jacob Smith,Defense,22,68,40,86,10,6,500,155,3
289,John Gonzalez,Defense,36,59,95,42,9,6,500,140,1
290,Daniel Wang,Defense,27,32,70,60,13,13,200,150,2
291,Kenneth Elliott,Defense,17,32,70,42,13,15,300,149,2
292,Joseph Morales,Defense,20,98,54,92,10,14,200,90,3
293,Ryan Hernandez,Defense,25,59,52,26,13,10,300,155,1
294,Craig Hardy,Defense,20,98,95,60,18,10,450,150,1
295,Lonnie Moss,Defense,16,68,95,26,8,15,350,150,1
296,Chad Murphy,Defense,27,98,95,89,16,6,300,90,3
297,Eric Jackson,Defense,27,68,70,48,13,14,350,102,1
298,Eric Buchanan,Defense,27,59,49,92,18,16,250,140,3
299,Nathan Buck,Defense,21,68,95,26,13,13,200,145,1
300,Scott Reyes,Defense,34,39,48,60,13,8,450,140,2
301,Juan Scott,Defense,20,73,95,42,8,10,200,150,1
302,Justin Gonzales,Defense,36,32,40,42,13,8,450,102,2
303,Shaun Mills,Defense,19,68,54,48,13,16,500,140,1
304,Jordan Mathis,Defense,27,43,52,42,13,14,500,155,2
305,Tony Odom,Defense,21,98,95,89,8,15,350,149,3
306,Michael Webb,Defense,29,39,49,26,9,6,400,102,2
307,John Christian,Defense,27,39,70,26,18,14,450,140,2
308,Travis Hall,Defense,18,98,48,48,10,16,300,90,1
309,Joseph Estes,Defense,16,98,49,26,9,6,350,90,1
310,Daniel Kelly,Defense,18,39,40,26,8,16,200,149,2
311,Ryan Mata,Defense,27,59,49,86,9,10,500,150,3
312,Gavin Murray,Defense,18,59,54,92,9,16,300,155,3
313,Kyle Martin,Defense,36,73,70,86,16,15,350,90,0
314,Dennis Young,Defense,20,39,70,92,16,15,350,102,0
315,David Price,Defense,18,32,95,60,9,6,300,150,2
316,Stephen Smith,Defense,36,39,54,89,8,13,500,102,0
317,Brandon Gilbert,Defense,16,59,48,89,10,8,350,140,3
318,Michael Fisher,Defense,29,98,95,89,13,6,200,90,3
319,Michael Decker,Defense,32,43,95,42,16,14,200,140,2
320,Anthony Smith,Defense,22,43,49,26,13,14,450,155,2
321,Leonard Williams,Defense,32,98,48,48,8,13,200,90,1
322,Mr. Gregory Moore,Defense,25,32,48,26,18,10,250,102,2
323,Jeffrey Key,Defense,17,43,54,89,18,16,450,149,0
324,Cory Harris,Defense,36,73,95,60,13,16,400,90,1
325,Grant Harding,Defense,25,98,40,26,13,13,450,102,1
326,Christopher Ray,Defense,36,59,95,89,9,16,250,150,0
327,David Welch,Defense,27,98,52,92,16,15,400,149,3
328,Matthew Torres,Defense,25,59,52,86,10,6,350,102,3
329,Timothy Horn,Defense,17,39,49,48,13,15,500,90,2
330,Brian Novak,Defense,25,68,49,60,10,13,250,102,1
331,Jeffrey Barton,Defense,17,68,49,48,13,15,450,145,1
332,Robert Montgomery,Defense,32,73,40,60,9,10,500,150,1
333,James Adams,Defense,22,32,40,86,16,16,500,149,0
334,Bill Holmes,Defense,34,59,52,48,10,14,350,145,1
335,Matthew Meyer,Defense,21,39,48,42,16,10,300,140,2
336,Frank Oliver,Defense,18,39,40,42,10,15,300,102,2
337,Robert Warner PhD,Defense,34,59,52,89,8,16,450,140,3
338,Ryan Jordan,Defense,16,43,49,42,13,6,400,90,2
339,Christopher Bruce,Defense,29,39,52,86,9,13,200,140,0
340,Michael Nelson,Defense,17,59,54,42,10,6,200,150,1
341,Jeffrey Gonzalez,Defense,34,43,70,60,10,16,300,140,2
342,Chad Ellis,Defense,16,98,48,89,13,13,450,150,3
343,Christopher Deleon,Defense,19,59,40,92,16,8,300,140,3
344,Derek Henry,Defense,19,43,54,48,13,14,300,150,2
345,Joshua Gray,Defense,18,73,70,48,18,14,300,102,1
346,Nathan Booth,Defense,19,43,40,26,9,6,350,102,2
347,James Gomez,Defense,27,73,52,26,18,13,350,140,1
348,Christopher Foster,Defense,32,39,40,26,9,14,350,149,2
349,Matthew Finley,Defense,34,68,52,92,16,13,250,149,3
350,Aaron Krause,Defense,22,68,49,60,13,15,300,149,1
351,John Gill,Defense,36,68,95,42,10,16,450,150,1
352,Terry Williams,Defense,32,43,48,26,18,13,500,149,2
353,Robert Mills,Defense,25,73,49,92,10,16,400,102,3
354,Nicholas Reyes,Defense,27,39,48,92,16,15,200,90,0
355,Frank Brown,Defense,20,73,52,86,8,13,300,90,3
356,Jonathan Carey,Defense,16,39,52,92,10,14,250,140,0
357,Jeremy Delacruz,Defense,20,39,48,60,10,8,450,90,2
358,Cody Lewis,Defense,32,39,54,89,8,10,300,155,0
359,Brian Meadows,Defense,21,59,70,48,13,16,450,90,1
360,Michael Davis,Defense,17,32,49,26,8,14,200,155,2
361,Paul Wright,Defense,20,68,40,60,16,16,350,155,1
362,Jonathan Fernandez,Defense,17,39,95,60,8,16,350,140,2
363,Robert Frost,Defense,19,59,40,26,8,6,400,140,1
364,Kevin Kelly,Defense,18,98,52,92,10,6,450,155,3
365,Manuel Davis,Defense,20,98,40,42,10,15,300,145,1
366,Scott Mcintyre,Defense,20,39,49,48,16,6,400,155,2
367,Kevin Ellison,Defense,17,98,54,92,10,16,400,149,3
368,Brandon Ellis,Defense,25,73,70,42,10,13,450,145,1
369,Colin Wells,Defense,20,59,40,26,16,10,500,90,1
370,Joshua Doyle,Defense,34,68,40,48,10,8,300,90,1
371,Shawn Olsen,Defense,18,32,95,86,13,8,200,145,0
372,Dillon Wood,Defense,18,43,95,60,9,8,500,90,2
373,Charles Jordan,Defense,29,32,52,42,8,6,450,150,2
374,Eric West,Defense,19,68,70,89,8,13,500,145,0
375,Miguel Lewis,Defense,27,32,54,48,18,8,300,90,2
376,Jonathan Peck,Defense,20,98,70,89,18,8,450,102,3
377,Benjamin Ramirez,Defense,16,68,49,48,9,14,300,155,1
378,Nathan Smith,Defense,27,39,54,26,13,8,250,102,2
379,Bryan Hudson,Defense,34,43,48,60,13,16,500,90,2
380,Mark Potter,Defense,29,43,49,60,8,16,400,90,2
381,Andrew Hines,Defense,16,73,95,26,10,16,300,145,1
382,Christopher Oliver,Defense,25,98,54,26,13,13,450,140,1
383,Douglas Ford,Defense,20,43,54,42,8,16,350,102,2
384,Larry Davis,Defense,22,59,54,86,18,10,350,150,3
385,Darrell Parks,Defense,29,43,48,86,9,13,300,140,0
386,Donald Davis,Defense,19,39,70,26,16,8,250,145,2
387,Andrew Foster,Defense,21,39,48,42,13,14,400,90,2
388,Bryan Phelps,Defense,17,32,95,86,13,10,250,102,0
389,Robert Stafford,Defense,25,39,40,60,13,13,300,145,2
390,Timothy Dennis,Defense,20,73,70,42,13,6,400,102,1
391,Adam Wilson,Defense,22,98,49,48,10,14,500,145,1
392,Michael Snyder,Defense,29,98,40,89,16,6,400,150,3
393,Ryan Lopez,Defense,34,68,95,86,18,16,450,155,0
394,Ryan Briggs,Defense,32,43,54,48,16,6,450,150,2
395,Jimmy Cohen,Defense,36,73,54,26,13,10,250,150,1
396,John Turner,Defense,17,43,49,92,13,13,350,102,0
397,Jeremy White,Defense,20,43,52,48,13,13,300,155,2
398,Shane King,Defense,22,43,40,86,9,6,250,90,0
399,Jonathan Sparks,Defense,17,98,70,26,9,8,300,145,1
400,Dr. Michael Bradley,Defense,17,39,52,92,8,8,350,90,0
401,Roger Wong,Defense,19,39,54,26,18,14,500,149,2
402,Jimmy Cox,Defense,17,39,49,60,9,16,200,150,2
403,Geoffrey Moore,Defense,34,68,48,89,13,6,400,149,3
404,Andrew Holloway,Defense,27,39,54,48,8,16,300,145,2
405,Andrew Ramirez,Defense,17,73,70,89,18,6,250,150,0
406,Samuel Newton,Defense,18,39,48,89,13,16,400,155,0
407,Brian Russell,Defense,22,43,95,89,13,15,450,149,0
408,Jorge Ruiz,Defense,18,68,54,86,13,15,250,149,3
409,Christopher Jimenez,Defense,29,32,54,89,10,15,400,149,0
410,Reginald Meyer,Defense,17,32,70,26,8,16,250,150,2
411,David Garcia,Defense,16,32,40,26,8,13,450,140,2
412,John Galvan,Defense,18,59,52,60,9,10,200,145,1
413,Scott Oconnell,Defense,18,39,48,92,8,6,200,155,0
414,James Reeves,Defense,18,32,54,42,13,15,450,155,2
415,Christopher Mahoney,Defense,19,39,70,42,13,16,300,90,2
416,Shawn Edwards,Defense,16,73,48,26,9,14,350,150,1
417,Jesse Compton,Defense,25,68,70,89,16,13,300,102,0
418,Gary Maynard,Defense,16,73,95,86,10,10,250,145,0
419,Tanner Thompson,Defense,29,32,52,42,16,13,500,155,2
420,Carlos Padilla,Defense,29,68,54,86,10,16,250,155,3
421,Randy Mcguire,Defense,22,59,52,89,9,14,450,155,3
422,John Oconnell,Defense,32,59,52,60,10,8,350,149,1
423,Charles Rivera,Defense,22,68,95,48,18,8,250,140,1
424,Brian Middleton,Defense,16,43,48,92,9,16,450,150,0
425,Shawn Carr,Defense,16,43,40,92,13,16,350,155,0
426,Ray Simpson,Defense,32,39,54,42,13,14,250,149,2
427,Richard Clark,Defense,34,32,54,42,13,15,450,90,2
428,Leon Ward,Defense,25,32,49,89,18,14,450,102,0
429,Michael Norton,Defense,32,32,52,42,16,14,400,149,2
430,David Bauer,Defense,16,59,40,42,18,10,500,150,1
431,Christopher Griffith,Defense,20,73,70,92,13,15,500,140,0
432,Mr. James Davis,Defense,18,59,95,92,9,14,350,149,0
433,David Williams,Defense,22,98,49,60,18,8,350,102,1
434,David Lin,Defense,29,43,49,60,10,6,300,90,2
435,Jesse Pineda,Defense,22,59,54,86,9,10,350,149,3
436,Mr. Timothy Lambert,Defense,18,39,52,89,16,15,450,145,0
437,Juan Cook,Defense,17,43,70,89,16,8,350,149,0
438,Michael Warner,Defense,32,98,54,89,8,15,400,150,3
439,Michael Oliver,Defense,22,68,70,48,16,15,300,145,1
440,Kyle Medina,Defense,20,59,49,92,13,8,250,149,3
441,Andrew Powell,Defense,21,98,52,26,8,15,350,149,1
442,Spencer Padilla,Defense,22,43,49,26,13,15,500,145,2
443,Mitchell Church,Defense,16,98,70,92,13,15,300,140,3
444,Matthew Santiago,Defense,20,39,49,89,9,6,400,90,0
445,Patrick Holland,Defense,17,98,49,86,18,6,250,102,3
446,Robert Snyder,Defense,16,39,49,86,13,6,500,145,0
447,Joshua Vazquez,Defense,22,68,52,60,10,16,200,145,1
448,Joseph Vasquez,Defense,25,43,49,60,13,6,500,150,2
449,James Hernandez,Defense,34,32,49,86,13,6,250,140,0
450,Jackson Lowe,Defense,16,68,54,89,10,10,250,102,3
451,Daniel Cole,Defense,18,98,70,92,13,16,450,155,3
452,James Arias,Defense,18,32,52,48,16,8,500,90,2
453,Jorge Green,Defense,17,98,70,89,8,8,450,149,3
454,Stephen Eaton,Defense,20,68,95,89,18,13,200,150,0
455,Nicholas Hernandez,Defense,20,32,40,48,13,10,300,155,2
456,Andrew Poole,Defense,34,59,49,92,18,13,350,149,3
457,Phillip Allen,Defense,22,68,54,92,8,16,250,150,3
458,Max Jackson,Defense,19,59,70,26,13,14,400,155,1
459,Frank Mejia,Defense,29,73,52,42,16,8,400,140,1
460,Kevin Romero,Defense,17,68,95,26,8,10,250,145,1
461,Michael Brock MD,Defense,19,32,95,92,10,6,400,155,0
462,Eric Henson,Defense,17,32,95,48,16,14,300,140,2
463,Leroy Chandler,Defense,17,68,54,60,10,10,500,140,1
464,Gary Allen,Defense,19,43,52,86,9,13,200,90,0
465,Fernando Evans,Defense,21,98,40,42,13,13,400,90,1
466,Ethan Allison,Defense,21,32,52,92,18,6,450,102,0
467,Travis Compton,Defense,18,43,95,92,13,6,200,155,0
468,Gavin Weber,Defense,29,98,52,60,8,14,400,150,1
469,Paul Perez,Defense,16,98,70,26,16,16,200,145,1
470,Lance Chandler,Defense,22,39,48,89,8,8,500,149,0
471,Kevin Gonzalez,Defense,29,43,95,26,8,8,250,90,2
472,Dillon Williams,Defense,17,43,95,42,18,15,250,145,2
473,Ryan Schwartz,Defense,20,68,48,89,9,15,350,145,3
474,Leroy Horn,Defense,19,32,70,26,10,14,450,150,2
475,Anthony Gregory MD,Defense,19,68,95,89,10,10,250,155,0
476,David Hansen,Defense,32,32,49,89,13,14,300,155,0
477,Jason Stone,Defense,17,43,52,89,9,13,300,145,0
478,Francis Hicks,Defense,19,43,95,42,13,16,250,140,2
479,Justin Spence,Defense,32,98,40,60,16,15,450,155,1
480,Robert Torres,Defense,18,32,52,60,13,13,300,155,2
481,Samuel Baker,Defense,21,98,70,42,16,10,200,140,1
482,Jesse Brown,Defense,25,32,49,26,8,13,200,90,2
483,Eric Wu,Defense,18,43,52,86,9,10,250,140,0
484,Jeremy Gonzales,Defense,16,32,70,60,18,13,200,102,2
485,Ryan Barrett,Defense,34,98,52,42,10,6,350,155,1
486,Adrian Guerrero,Defense,19,73,48,86,16,14,250,140,3
487,Andrew Greene,Defense,16,98,40,42,13,16,350,140,1
488,Eric Henderson,Defense,19,68,48,42,13,14,400,140,1
489,Daniel Barker,Defense,25,39,70,48,13,15,500,155,2
490,James Gentry,Defense,16,98,95,26,9,8,250,90,1
491,Jeremy Lopez,Defense,32,39,54,48,13,10,500,90,2
492,Kyle Hill,Defense,16,98,54,86,18,15,400,102,3
493,Mark Chambers,Defense,36,68,48,48,8,10,300,90,1
494,Charles Ritter,Defense,19,39,52,86,13,13,250,150,0
495,Alex Lane,Defense,34,39,70,86,13,13,400,90,0
496,Marcus Sanchez,Defense,19,59,49,48,16,13,350,155,1
497,Francisco Edwards,Defense,29,32,40,42,8,8,500,149,2
498,Mr. Geoffrey Sanders,Defense,19,39,40,60,8,13,350,102,2
499,Alexander Burke,Defense,27,98,70,48,10,10,450,155,1
500,Jonathon Mclean,Defense,17,73,70,92,18,16,350,140,0
501,Michael Ryan,Defense,16,68,48,42,16,13,300,155,1
502,Stephen Jones,Defense,25,59,48,89,13,16,250,145,3
503,Brian Nguyen,Defense,34,32,54,26,8,10,300,150,2
504,Juan Mendoza,Defense,34,98,95,86,13,10,450,140,3
505,Mark Sosa,Defense,29,43,40,89,18,14,200,145,0
506,Steven Travis,Defense,36,32,70,42,9,15,400,155,2
507,Luis Howard,Defense,20,59,49,26,13,15,250,145,1
508,Samuel Compton,Defense,21,43,49,89,16,15,300,140,0
509,Caleb Rogers,Defense,32,68,40,60,10,13,450,140,1
510,Andre Edwards,Defense,17,73,54,86,13,8,200,150,3
511,John Navarro,Defense,16,73,52,60,13,6,450,150,1
512,Daniel Drake,Defense,22,98,48,86,13,14,400,90,3
513,Paul Taylor,Defense,20,73,40,89,10,8,250,149,3
514,Shane Taylor,Defense,25,39,40,92,9,16,200,155,0
515,Sean Buck,Defense,17,43,54,26,16,6,250,140,2
516,Michael King,Defense,19,68,49,60,10,6,250,150,1
517,Adam Campbell,Defense,34,59,70,26,18,13,500,145,1
518,Dean Grant,Defense,20,68,95,86,10,16,300,102,0
519,Michael Fry,Defense,17,43,70,42,10,10,400,102,2
520,Todd Smith,Defense,34,98,40,42,8,6,400,90,1
521,Michael Houston,Defense,21,73,48,60,8,6,450,102,1
522,Corey Miller,Defense,20,32,48,92,10,13,500,140,0
523,Jeffrey Gordon,Defense,21,43,70,48,18,15,300,145,2
524,Steven Morgan,Defense,36,43,95,89,18,16,300,149,0
525,John Pittman,Defense,21,43,49,86,9,16,400,102,0
526,Johnny Beasley,Defense,18,43,54,89,13,16,350,155,0
527,Trevor Taylor,Defense,21,32,54,42,13,16,200,145,2
528,Brian Jones,Defense,16,98,48,26,10,13,400,140,1
529,Bruce Rivera,Defense,16,68,40,48,13,16,450,90,1
530,Daniel Meyer,Defense,19,43,70,60,9,14,250,155,2
531,Thomas Cook,Defense,16,43,40,42,13,10,300,102,2
532,Michael Walton,Defense,36,32,52,26,10,6,250,90,2
533,Brian Moreno,Defense,16,98,70,92,9,16,500,145,3
534,Anthony Jordan,Defense,34,43,95,89,10,16,400,90,0
535,Edward Reese,Defense,18,73,49,92,8,6,350,145,3
536,Daniel Randall,Defense,21,39,49,48,16,10,500,149,2
537,Darius Fernandez,Defense,17,39,40,42,8,13,400,149,2
538,Jimmy Dillon,Defense,34,98,54,26,18,10,350,140,1
539,Alex Gomez,Defense,20,68,52,86,9,10,450,102,3
540,Mitchell Thomas,Defense,22,68,54,48,18,8,350,102,1
541,Samuel Washington,Defense,20,43,49,89,9,8,300,155,0
542,Jeremy Scott,Defense,17,59,54,42,16,16,450,150,1
543,Daniel Edwards,Defense,19,59,52,60,10,14,300,102,1
544,Brian Spence DDS,Defense,20,68,52,48,13,15,200,90,1
545,Brian Peterson,Defense,25,59,40,42,16,6,200,102,1
546,Michael Velez,Defense,16,43,40,48,18,14,500,150,2
547,Bruce Owen,Defense,18,98,52,42,13,13,200,149,1
548,Derrick Cunningham,Defense,16,59,40,86,13,8,400,90,3
549,Brett Jennings,Defense,29,32,52,60,18,8,500,150,2
550,John Peterson,Defense,19,43,48,92,13,15,400,90,0
551,Stephen Maddox,Defense,21,73,49,86,13,8,500,145,3
552,Anthony Briggs,Defense,17,59,70,26,18,10,450,102,1
553,Chad Kim,Defense,29,59,52,89,18,8,500,150,3
554,Andrew Morrison,Defense,21,39,95,92,16,14,450,155,0
555,George Maldonado,Defense,21,68,54,26,13,16,500,155,1
556,Bernard Chambers,Defense,25,32,70,42,8,6,400,140,2
557,Benjamin Walker,Defense,18,59,40,48,13,15,500,140,1
558,Jordan Warner,Defense,36,68,54,86,18,15,500,90,3
559,David Foley,Defense,27,59,54,26,13,14,250,155,1
560,Kyle Parks,Defense,16,73,52,86,9,16,400,140,3
561,Daniel Oconnor,Defense,20,59,40,26,13,6,250,155,1
562,Douglas Stewart,Defense,27,43,95,42,8,15,400,145,2
563,Joshua Spencer,Defense,19,39,49,89,13,14,500,155,0
564,Anthony Foley,Defense,22,73,48,60,18,14,350,150,1
565,Matthew Watson,Defense,25,98,70,86,9,13,300,140,3
566,Robert Bryant,Defense,32,39,40,86,18,10,300,145,0
567,Dennis Ward,Defense,25,32,49,26,8,13,450,90,2
568,Matthew Goodman,Defense,21,59,70,86,13,6,350,140,0
569,Juan Reynolds,Defense,34,43,95,92,13,6,250,155,0
570,Antonio Kelley,Defense,17,59,48,26,9,6,450,155,1
571,Nicholas Garcia,Defense,19,43,48,89,18,10,300,150,0
572,Jonathon Preston,Defense,19,59,48,26,8,16,400,155,1
573,Joseph Leon,Defense,18,68,95,26,16,15,400,150,1
574,Michael Barker,Defense,22,98,54,86,18,16,250,145,3
575,Richard Burton,Defense,29,68,49,48,16,13,250,140,1
576,George Newman,Defense,25,39,49,48,9,8,200,140,2
577,Thomas Young,Defense,32,98,95,60,8,16,300,155,1
578,John Hobbs,Defense,17,73,49,42,13,16,250,149,1
579,Steven Townsend,Defense,36,59,48,89,10,15,450,149,3
580,Anthony Leach,Defense,36,98,95,92,18,15,350,155,3
581,Jeremy Parker,Defense,36,98,52,42,10,13,400,149,1
582,David Martinez,Defense,22,39,54,42,9,14,500,145,2
583,Patrick Conley,Defense,22,32,40,86,8,6,200,155,0
584,Alexander Bauer,Defense,22,59,48,89,9,8,450,90,3
585,Austin Clark,Defense,21,59,52,86,9,15,450,102,3
586,Marvin Gutierrez,Defense,34,68,54,89,10,13,500,140,3
587,James Jenkins,Defense,36,98,48,48,9,14,200,140,1
588,Adam Dorsey,Defense,18,98,40,89,13,6,200,145,3
589,James Lara,Defense,36,68,95,60,13,6,350,102,1
590,Shawn Williams,Defense,16,73,49,42,10,8,250,102,1
591,Arthur Mccann,Defense,22,43,40,26,13,10,250,140,2
592,Philip Oneill,Defense,34,59,52,26,8,13,250,102,1
593,Christopher Scott,Defense,25,32,54,92,18,15,350,140,0
594,Anthony Lopez,Defense,29,68,95,60,16,15,300,140,1
595,Micheal Case,Defense,16,39,95,92,18,16,400,150,0
596,Kurt Sweeney,Defense,36,39,48,86,18,16,200,90,0
597,Randall Schmidt,Defense,22,68,52,60,9,8,450,102,1
598,Connor Phillips,Defense,19,98,40,26,9,16,300,150,1
599,Keith Odom,Defense,36,59,95,89,13,15,200,90,0
600,Sean Moore,Defense,19,32,54,89,13,10,250,140,0
601,Dr. Eugene Parsons DDS,Defense,22,32,70,60,13,15,450,155,2
602,Robert Velez,Defense,21,73,52,42,13,16,250,150,1
603,Jason Owen,Defense,29,32,49,48,8,16,350,155,2
604,David Ross,Defense,34,43,48,48,10,8,350,145,2
605,Eric Payne,Defense,18,73,49,60,18,16,500,102,1
606,David Owen DDS,Defense,27,73,48,60,16,13,450,90,1
607,Andrew Garcia,Defense,16,43,49,60,9,14,200,150,2
608,Matthew Cruz,Defense,27,59,54,92,13,14,200,140,3
609,Brian Fitzpatrick,Defense,32,32,54,86,9,10,500,140,0
610,Dr. Nicholas Reed,Defense,21,39,48,26,16,8,500,140,2
611,James Gordon,Defense,36,39,52,89,10,16,250,149,0
612,James Hester,Defense,21,43,40,89,8,6,250,149,0
613,James Caldwell,Defense,18,32,95,42,16,13,250,149,2
614,Tanner Adams,Defense,21,98,70,26,10,8,250,150,1
615,Dr. Clinton Hamilton,Defense,32,43,70,26,9,16,450,150,2
616,Mark Lewis DDS,Defense,20,98,70,48,10,15,450,149,1
617,Ronald Jacobs,Defense,17,68,48,86,13,15,300,102,3
618,John Wells,Defense,22,73,70,48,13,14,450,155,1
619,Aaron Wheeler,Defense,20,39,49,92,10,8,350,155,0
620,Mark Johnson,Defense,22,59,95,48,13,13,500,149,1
621,Manuel Flores,Defense,34,98,52,89,10,13,450,149,3
622,Justin Powers,Defense,34,73,40,60,16,6,200,140,1
623,Spencer Guerra,Defense,34,73,54,42,9,16,350,90,1
624,Kevin Morris,Defense,19,68,40,60,16,8,400,155,1
625,Kyle Jones,Defense,25,43,49,92,13,14,500,102,0
626,Daniel Nunez,Defense,17,43,49,86,10,15,500,149,0
627,Omar Morgan,Defense,19,39,40,48,9,8,350,140,2
628,Matthew Dunn,Defense,27,98,49,86,8,14,200,149,3
629,Matthew Barnes,Defense,25,59,40,60,13,14,300,90,1
630,Ryan Wilson,Defense,34,32,48,89,18,14,450,90,0
631,Joshua Gross,Defense,21,32,49,48,18,16,350,149,2
632,Jeffrey Moore,Defense,27,98,95,60,9,14,500,149,1
633,David Graham,Defense,19,68,48,86,10,8,500,90,3
634,Greg Vargas,Defense,16,32,54,92,18,6,500,149,0
635,Ryan Sanders,Defense,32,68,52,42,16,10,250,140,1
636,Jeffrey Moon,Defense,17,59,52,86,16,14,300,155,3
637,Erik Berry,Defense,25,73,54,26,16,10,450,90,1
638,Christian Smith,Defense,25,73,49,42,8,13,500,155,1
639,Michael Singleton MD,Defense,16,68,70,60,10,16,450,155,1
640,Christopher Hanson,Defense,27,68,40,42,8,10,500,145,1
641,Alex Scott,Defense,17,73,95,86,9,8,450,140,0
642,Eric Jensen,Defense,20,73,49,60,13,16,250,102,1
643,Adam Barnes,Defense,19,68,70,26,13,14,500,140,1
644,Anthony Gonzalez,Defense,32,43,95,89,13,10,300,90,0
645,Brian Moore,Defense,16,39,70,48,18,14,450,102,2
646,Joshua White,Defense,21,32,52,48,10,15,300,149,2
647,Justin Craig,Defense,18,32,52,48,8,15,500,102,2
648,Thomas Harrington,Defense,21,73,95,26,8,14,200,149,1
649,Louis Wise,Defense,18,68,49,60,9,14,250,102,1
650,Steve Palmer,Defense,16,73,49,60,9,14,350,102,1
651,Frank Spencer,Defense,27,98,70,26,13,13,500,140,1
652,Mark King,Defense,17,39,49,42,10,10,500,90,2
653,Marcus Snyder,Defense,16,59,54,92,13,13,200,150,3
654,Perry King,Defense,25,73,49,89,8,6,250,145,3
655,James Jacobs,Defense,16,43,52,48,13,10,300,149,2
656,Shawn Fisher,Defense,16,98,52,60,10,13,350,90,1
657,Cody Martinez,Defense,27,43,95,48,10,8,300,90,2
658,Timothy Gutierrez,Defense,18,39,70,92,13,8,200,145,0
659,Mr. William James DDS,Defense,27,73,52,92,10,13,450,90,3
660,Miguel Swanson,Defense,25,73,52,26,16,14,200,150,1
661,Shaun Mcpherson,Defense,18,98,95,60,9,14,400,150,1
662,Charles Oliver,Defense,19,39,48,92,9,10,400,149,0
663,Gregory Cook,Defense,19,32,48,86,8,14,300,90,0
664,Andrew Morris,Defense,27,59,52,86,8,16,500,102,3
665,Robert Williams,Defense,17,39,95,60,10,8,350,145,2
666,Jeffrey Pratt,Defense,18,68,49,86,13,15,350,145,3
667,Cody Robinson,Defense,20,59,95,48,18,6,200,145,1
668,Joseph Wu,Defense,19,43,52,89,8,14,400,90,0
669,Roger Church,Defense,21,68,48,89,16,16,450,149,3
670,Eric Peterson,Defense,19,59,95,26,8,14,450,145,1
671,Cory Montoya,Defense,27,43,40,48,18,15,250,149,2
672,Douglas Nguyen,Defense,32,32,70,42,13,13,300,155,2
673,Nicholas Stewart,Defense,32,43,40,89,16,14,300,140,0
674,Connor Wagner,Defense,25,68,49,48,13,16,450,140,1
675,Jesus Parker,Defense,18,43,70,89,10,16,450,102,0
676,Mr. Edgar Delgado,Defense,27,32,40,42,13,8,200,149,2
677,Kevin Gallegos,Defense,27,43,95,60,13,8,350,140,2
678,Bradley Harvey,Defense,17,73,70,48,13,10,350,140,1
679,Tommy Estrada,Defense,18,68,48,92,9,14,450,140,3
680,Charles Hunt,Defense,25,43,48,86,13,14,500,155,0
681,Ethan Mooney,Defense,17,39,48,92,8,13,300,149,0
682,Brandon Martin,Defense,21,32,52,42,16,13,350,102,2
683,Thomas Norris,Defense,20,68,48,26,13,16,350,155,1
684,Hunter Thomas,Defense,32,73,70,60,13,15,350,90,1
685,Riley Garrett,Defense,27,73,70,42,13,10,350,150,1
686,Kevin Stephenson,Defense,32,59,70,60,18,8,300,155,1
687,Brian Caldwell,Defense,19,68,48,86,10,10,200,90,3
688,Billy Henson,Defense,22,59,54,60,13,15,350,155,1
689,Matthew Williams,Defense,22,39,52,92,9,10,200,150,0
690,David Johns,Defense,25,43,70,86,16,15,400,149,0
691,Joseph Ochoa,Defense,17,39,40,48,13,8,400,145,2
692,James Estrada,Defense,17,39,95,60,8,16,300,149,2
693,John Caldwell,Defense,25,68,48,89,16,6,400,140,3
694,Paul Mcguire,Defense,29,32,95,89,13,16,200,149,0
695,Ronald Jefferson,Defense,17,73,49,60,13,14,200,90,1
696,Brian Robinson,Defense,25,39,52,60,10,6,500,150,2
697,Bruce Williams,Defense,16,59,70,42,18,13,250,102,1
698,Jason Williams,Defense,25,98,40,92,18,14,400,155,3
699,Thomas English,Defense,34,43,52,92,8,8,450,140,0
700,Adam Kramer,Defense,17,39,49,48,13,10,450,102,2
701,Anthony Ingram,Defense,21,32,40,26,10,6,300,150,2
702,Juan Mccarty,Defense,25,98,95,26,9,6,450,145,1
703,James Ross,Defense,17,73,95,42,16,15,400,102,1
704,Timothy Nelson DVM,Defense,29,59,52,92,13,14,400,150,3
705,Michael Juarez,Defense,32,68,40,26,13,15,350,102,1
706,Charles Huber,Defense,25,98,40,86,8,6,300,90,3
707,Scott Ferguson,Defense,25,98,70,89,13,16,200,140,3
708,Kyle Smith,Defense,22,68,49,86,16,8,200,155,3
709,Joshua Hickman,Defense,22,98,54,92,16,10,350,155,3
710,Jim Vasquez,Defense,34,98,52,92,16,14,300,140,3
711,Jason Clark,Defense,34,32,48,48,10,6,200,140,2
712,James Ellis,Defense,19,32,54,92,18,14,450,140,0
713,Jeffrey Lucas,Defense,16,68,49,86,9,13,300,150,3
714,Edwin Watts,Defense,21,98,48,60,13,13,500,102,1
715,Michael Arnold,Defense,32,59,95,60,8,6,450,90,1
716,Dennis Saunders,Defense,27,39,54,60,16,10,450,102,2
717,Nicholas Ward,Defense,27,32,95,92,10,15,350,90,0
718,Jacob Martin,Defense,34,98,95,60,16,16,300,102,1
719,Gerald Buchanan,Defense,34,59,52,26,13,16,500,102,1
720,David Wilson,Defense,34,73,40,42,13,13,450,145,1
721,Christopher Sutton,Defense,32,39,70,42,10,16,400,145,2
722,Jimmy Browning,Defense,27,68,52,60,13,13,500,149,1
723,Derek Walker,Defense,34,43,52,92,13,10,400,149,0
724,Tony Erickson,Defense,34,68,54,89,16,16,450,90,3
725,Jordan Ingram,Defense,25,98,40,42,13,10,400,140,1
726,Damon Taylor DDS,Defense,32,59,40,48,13,8,300,150,1
727,Ryan Edwards,Defense,17,39,95,92,16,8,350,149,0
728,Nathan Sanchez,Defense,18,68,49,48,8,8,400,102,1
729,Arthur Valenzuela MD,Defense,21,98,54,86,13,16,250,140,3
730,Thomas Harvey,Defense,16,98,49,48,10,15,400,145,1
731,Robert George,Defense,21,59,48,60,8,16,300,145,1
732,Aaron Mcconnell,Defense,20,39,70,26,13,10,400,90,2
733,Douglas Patterson,Defense,21,59,49,48,8,13,400,90,1
734,Keith Long,Defense,25,98,95,86,8,16,300,102,3
735,Jesse Thomas,Defense,25,59,40,86,13,10,200,90,3
736,Cody Palmer,Defense,18,68,48,89,10,13,350,150,3
737,Sean Olson,Defense,22,73,54,42,9,14,250,149,1
738,Evan Mendoza,Defense,22,32,54,48,18,13,450,145,2
739,Eddie Patterson,Defense,18,39,95,60,16,13,200,102,2
740,Jonathan Davis,Defense,19,43,49,26,13,10,400,90,2
741,Casey Evans,Defense,29,73,95,89,13,13,500,155,0
742,Cameron Costa,Defense,16,98,49,42,18,6,400,150,1
743,Timothy Bowen,Defense,21,39,40,60,13,10,300,150,2
744,Brian Colon,Defense,29,68,54,42,8,10,500,155,1
745,Terry Melton,Defense,34,73,70,86,13,14,300,145,0
746,Mr. Carlos Moyer MD,Defense,16,98,54,42,10,14,250,102,1
747,Robert Roach,Defense,25,59,95,60,16,16,400,145,1
748,Michael Clark,Defense,34,59,54,86,18,13,200,90,3
749,Erik Owen,Defense,27,43,54,26,9,16,250,150,2
750,Thomas Rivera,Defense,32,43,70,42,13,10,300,155,2
751,Danny Richards,Defense,19,59,95,42,13,16,400,102,1
752,Nathan King MD,Defense,18,68,95,89,10,8,500,102,0
753,Dean Hale,Defense,25,98,49,42,13,8,450,155,1
754,Adam Fisher,Defense,29,68,70,60,8,14,350,155,1
755,Patrick Galloway,Defense,32,59,48,89,8,8,250,102,3
756,Jason Ross,Defense,25,43,70,26,18,8,250,145,2
757,John Cervantes,Defense,16,68,52,42,13,8,300,102,1
758,Charles Anderson,Defense,18,39,52,92,9,10,250,149,0
759,Benjamin Oneal,Defense,36,73,70,92,18,6,200,90,0
760,Mason Ellis,Defense,27,43,70,89,16,14,400,102,0
761,Corey Sullivan,Defense,16,32,70,92,18,10,450,90,0
762,Charles Pittman,Defense,18,98,52,26,13,13,250,140,1
763,Antonio Hernandez,Defense,36,68,70,26,8,15,350,145,1
764,Gary Fitzgerald,Defense,18,98,48,89,9,10,250,145,3
765,Adam Perry,Defense,32,59,70,89,10,8,400,150,0
766,Glenn Brown,Defense,18,32,52,48,10,10,200,145,2
767,Gregory Thomas,Defense,36,43,54,60,13,13,500,90,2
768,Richard Jones,Defense,17,39,40,42,10,8,500,90,2
769,Michael Lawrence,Defense,27,68,95,60,13,6,400,145,1
770,Donald Clark,Defense,20,59,70,89,16,8,450,102,0
771,Alejandro Young,Defense,22,32,70,26,13,13,450,140,2
772,James Richardson,Defense,27,39,49,26,10,10,300,155,2
773,Larry Kelly,Defense,19,32,52,60,13,14,450,140,2
774,Arthur Moore,Defense,17,39,70,60,9,6,300,90,2
775,Devin Jenkins,Defense,25,68,70,92,18,8,500,102,0
776,Randall Williams,Defense,32,39,54,48,18,14,400,150,2
777,Alec Griffin,Defense,21,59,70,60,16,6,200,149,1
778,Jorge Smith,Defense,18,59,40,42,16,13,500,90,1
779,Kevin Peters,Defense,27,59,49,42,16,13,250,90,1
780,Cameron Martin,Defense,18,59,70,60,13,15,300,155,1
781,Joel Williams,Defense,36,73,52,26,9,16,400,145,1
782,Guy Griffin,Defense,22,32,54,86,8,13,300,145,0
783,Timothy Nicholson,Defense,19,73,54,92,18,16,350,102,3
784,Jimmy Snyder,Defense,17,68,48,89,13,8,350,145,3
785,Andrew Jackson,Defense,16,39,48,89,8,15,500,90,0
786,Mitchell Mccoy,Defense,18,43,49,92,16,6,200,150,0
787,Kenneth Gilbert,Defense,21,32,70,48,18,16,500,155,2
788,Robert Hamilton,Defense,20,68,48,48,13,8,200,145,1
789,Ricky Shelton,Defense,34,39,52,26,13,10,300,149,2
790,Matthew Townsend,Defense,27,73,95,89,16,16,400,150,0
791,Nicholas Perez,Defense,27,43,40,89,9,10,250,90,0
792,Dominic Hayes,Defense,20,39,52,42,13,13,450,150,2
793,Timothy Weaver,Defense,36,98,95,26,10,6,300,90,1
794,Steven Torres,Defense,36,98,70,42,18,13,450,140,1
795,Sean Edwards,Defense,16,68,52,60,13,16,300,90,1
796,Mr. Michael Harvey,Defense,27,32,70,42,9,15,450,90,2
797,Bradley Green,Defense,36,59,49,89,8,15,400,155,3
798,Johnathan Tucker,Defense,18,59,70,42,13,15,350,145,1
799,John Johnson,Defense,29,39,49,26,13,6,450,90,2
800,Jordan Garcia,Defense,20,39,70,42,16,13,500,145,2
801,Charles Harris,Defense,36,59,54,86,13,14,250,145,3
802,Ryan Oconnor,Defense,34,98,48,26,8,8,200,145,1
803,Jeremiah Scott,Defense,17,73,48,42,9,13,300,150,1
804,Scott Jackson,Defense,17,43,70,86,9,10,400,140,0
805,Mason Hall,Defense,19,32,48,42,13,15,250,140,2
806,Nathan Foster,Defense,21,73,95,89,16,16,300,140,0
807,Mario Robinson,Defense,22,68,52,60,13,13,500,150,1
808,Noah Barron,Defense,17,32,95,42,10,14,250,102,2
809,Jeffery Stevens,Defense,16,73,48,48,16,8,300,90,1
810,James Duncan,Defense,27,59,70,42,13,6,450,149,1
811,John Proctor,Defense,20,39,70,48,9,13,250,90,2
812,Richard Mosley,Defense,25,59,40,92,13,14,400,102,3
813,Kevin Little,Defense,27,73,52,26,13,16,400,150,1
814,Phillip Baker,Defense,16,32,40,92,18,16,500,102,0
815,Patrick Lane,Defense,25,39,95,26,16,6,500,145,2
816,Thomas Chambers,Defense,20,73,70,89,13,14,450,102,0
817,Richard Smith Jr.,Defense,25,73,54,89,18,10,250,145,3
818,Lance Hill,Defense,36,59,49,60,10,14,350,145,1
819,Anthony Harrison,Defense,32,98,95,42,13,6,500,140,1
820,Ricky Mccullough,Defense,32,68,70,92,9,10,350,140,0
821,Mr. Darrell Robbins MD,Defense,22,98,54,92,13,16,200,145,3
822,Jesse Edwards,Defense,21,39,48,89,13,14,400,150,0
823,Michael Porter,Defense,29,59,54,60,16,15,200,149,1
824,Justin Taylor,Defense,29,59,49,42,10,13,500,155,1
825,Leonard White,Defense,25,73,70,48,13,8,500,102,1
826,Joseph Cardenas,Defense,19,39,40,86,13,6,250,149,0
827,John Wilson,Defense,18,59,70,26,16,6,450,150,1
828,Stephen Marshall,Defense,22,59,52,26,10,13,350,145,1
829,Chad Nicholson,Defense,27,73,52,86,10,15,400,149,3
830,Thomas Pierce,Defense,32,98,52,26,8,6,300,149,1
831,Todd Hill,Defense,21,98,54,60,9,8,250,149,1
832,Adam Leonard,Defense,16,98,49,42,9,10,300,149,1
833,Charles Stewart,Defense,17,39,48,48,10,16,300,149,2
834,Christopher Nicholson,Defense,18,98,48,42,16,15,250,102,1
835,Brandon Jefferson,Defense,34,32,52,89,10,14,250,149,0
836,Gregory Gonzales,Defense,22,98,52,26,16,8,300,150,1
837,Nathaniel Li,Defense,25,68,52,42,16,14,500,145,1
838,Barry Burns,Defense,34,43,48,89,8,15,250,102,0
839,Pedro Garrett,Defense,29,39,48,48,18,15,500,149,2
840,Brian Kim,Defense,32,59,70,26,13,13,300,140,1
841,Robert Moore,Defense,34,68,40,92,16,15,500,155,3
842,Mr. Jim Greene Jr.,Defense,17,98,54,48,9,10,500,145,1
843,Daniel Nichols,Defense,18,39,70,92,13,6,200,90,0
844,Kristopher Perry,Defense,19,98,54,60,13,8,300,140,1
845,Scott Kennedy,Defense,16,39,54,92,13,14,450,140,0
846,Edwin Myers,Defense,22,73,54,26,10,13,300,149,1
847,James Adkins,Defense,16,43,49,48,16,14,450,150,2
848,James Medina,Defense,27,73,40,48,10,16,250,155,1
849,Marcus Sanders,Defense,29,98,40,26,13,8,500,149,1
850,Joseph Lane,Defense,18,73,49,42,16,6,400,150,1
851,Michael Mooney,Defense,34,73,48,92,18,6,250,140,3
852,Aaron Mercado,Defense,32,59,52,48,18,16,250,90,1
853,Derek Robinson,Defense,16,43,40,92,18,8,400,140,0
854,Derrick Smith,Defense,27,59,48,60,18,10,200,145,1
855,Michael Lopez,Defense,20,59,54,86,13,8,250,102,3
856,Ricky Barber,Defense,18,98,49,26,16,8,200,145,1
857,Michael Kelly,Defense,25,59,49,92,13,6,450,140,3
858,Kevin Buchanan,Defense,22,98,70,26,9,15,300,140,1
859,Jason Perry,Defense,34,68,52,26,13,6,250,140,1
860,John Obrien,Defense,19,68,95,89,9,16,500,155,0
861,Gregory Bishop,Defense,25,43,48,48,8,14,350,90,2
862,Paul Hinton,Defense,17,39,95,92,13,15,200,145,0
863,Stephen Scott,Defense,21,59,54,60,8,10,300,102,1
864,Gabriel Roman,Defense,29,98,52,26,13,15,300,90,1
865,Kevin Shaffer,Defense,17,32,70,26,9,10,250,140,2
866,Christopher Lewis,Defense,19,59,48,26,10,6,300,145,1
867,Elijah Holmes,Defense,32,73,49,92,16,15,250,150,3
868,Joshua Thomas,Defense,25,98,70,92,13,6,300,149,3
869,Alexander Bradley,Defense,32,59,49,48,9,13,250,90,1
870,Brian Mcgrath,Defense,19,43,95,42,13,15,450,150,2
871,Andrew Gonzalez,Defense,36,59,52,60,13,10,350,140,1
872,Chase Lawson,Defense,17,68,49,48,9,14,400,145,1
873,Andrew Lewis,Defense,25,39,40,86,8,8,350,150,0
874,Jeffrey Holmes,Defense,21,68,49,48,13,8,400,140,1
875,Oscar Hubbard,Defense,22,68,40,42,16,14,300,140,1
876,Phillip Gilmore,Defense,16,59,54,26,16,13,300,140,1
877,Joseph Lewis,Defense,22,73,70,26,18,14,500,90,1
878,Carlos Young,Defense,25,73,52,42,9,16,200,149,1
879,Keith Rios,Defense,32,32,49,86,16,15,400,140,0
880,Frank Hodge,Defense,27,73,48,89,13,15,250,90,3
881,Edward Rogers,Defense,36,73,95,89,18,15,450,150,0
882,Ryan Rodriguez,Defense,29,32,52,60,10,10,300,140,2
883,Daniel Hunt,Defense,29,68,95,92,18,8,400,102,0
884,Stephen Booker,Defense,17,59,95,26,16,8,500,140,1
885,Gregory Chen,Defense,17,68,40,48,13,8,350,145,1
886,Raymond Knight,Defense,22,68,52,86,9,8,450,145,3
887,John Clark,Defense,27,73,52,60,13,13,500,102,1
888,Gregory Flores,Defense,34,98,52,60,13,16,250,150,1
889,Michael Bell,Defense,27,73,52,26,18,6,250,102,1
890,Benjamin Wilcox,Defense,36,32,48,26,9,13,300,90,2
891,Ian Parker,Defense,32,59,52,89,8,8,450,150,3
892,David Watson,Defense,29,32,95,48,16,15,400,145,2
893,Benjamin Madden DVM,Defense,22,73,49,48,13,8,200,155,1
894,Justin Simmons,Defense,34,98,52,92,10,13,350,150,3
895,Alexander Salazar,Defense,20,39,48,86,16,6,450,90,0
896,Justin Barnes,Defense,21,43,40,48,8,15,400,149,2
897,Corey Stevens,Defense,34,73,52,86,13,8,400,145,3
898,Brent Garcia,Defense,34,59,52,92,8,13,400,102,3
899,Greg Perez,Defense,21,98,48,89,8,6,400,90,3
900,James Watson,Defense,36,98,48,42,10,14,250,102,1
901,Timothy Mason,Defense,34,32,40,48,13,6,400,155,2
902,Scott Nelson,Defense,36,98,52,89,13,6,200,150,3
903,Jerry Trujillo,Defense,20,98,54,60,18,15,250,102,1
904,Robert Garza,Defense,19,73,40,60,13,6,350,140,1
905,Jon Stewart,Defense,18,32,54,86,16,10,250,140,0
906,Lee Murray,Defense,16,39,48,89,10,14,350,155,0
907,Michael Hoffman,Defense,36,43,70,92,13,13,400,149,0
908,Brian Cook IV,Defense,25,59,70,86,13,13,200,102,0
909,James Gray,Defense,16,59,52,48,13,14,300,155,1
910,Maxwell Ware,Defense,25,32,95,60,10,10,200,102,2
911,Joshua Simmons,Defense,22,59,70,89,13,8,300,155,0
912,Paul Buckley,Defense,18,39,40,89,9,10,400,149,0
913,Joseph Davis,Defense,36,43,54,92,9,16,500,140,0
914,Jon Long,Defense,21,59,49,48,18,10,350,102,1
915,Michael Gonzalez,Defense,34,43,95,89,13,16,400,102,0
916,Robert Rojas,Defense,17,73,52,48,18,15,300,145,1
917,Nicholas Gross,Defense,21,39,95,92,9,6,400,149,0
918,Justin Skinner,Defense,18,32,95,92,9,13,250,149,0
919,Steven Reyes,Defense,16,73,49,89,9,15,450,145,3
920,Cameron Steele,Defense,32,59,54,89,18,13,400,102,3
921,Jeffrey Martin,Defense,18,59,40,48,13,13,350,102,1
922,Scott Alvarez,Defense,32,43,70,89,9,16,250,102,0
923,Matthew Fuller,Defense,19,98,70,86,16,14,300,102,3
924,Marcus Bridges,Defense,16,39,40,86,18,10,300,149,0
925,Blake Simpson,Defense,32,43,49,92,18,10,350,140,0
926,Michael Harper,Defense,36,59,49,86,16,14,450,90,3
927,Jason Combs,Defense,21,39,54,26,10,13,200,102,2
928,Michael Huber,Defense,18,43,70,48,13,13,450,155,2
929,John Bird,Defense,27,98,52,60,18,10,200,90,1
930,Shane Mitchell,Defense,17,73,70,89,18,14,500,150,0
931,Bob Burton,Defense,29,98,70,86,16,15,400,140,3
932,Eric Andrade,Defense,22,39,48,42,8,6,400,150,2
933,Dennis Jacobs,Defense,29,39,48,26,18,13,300,90,2
934,Adam Galvan,Defense,34,32,49,26,8,10,500,140,2
935,James Patton,Defense,36,32,48,86,16,10,350,150,0
936,Joshua Williams,Defense,27,68,40,89,8,6,400,150,3
937,Joe Hernandez,Defense,32,32,95,86,18,14,450,102,0
938,Justin Richardson,Defense,32,73,95,42,18,15,450,102,1
939,John Gonzales,Defense,34,43,52,92,13,13,400,90,0
940,Ronnie Morris,Defense,29,68,54,60,18,14,250,140,1
941,Brian Myers,Defense,29,32,48,26,10,6,350,150,2
942,Brian Mullen,Defense,25,98,52,48,9,8,250,90,1
943,Jonathan Williams,Defense,27,39,40,42,8,16,200,149,2
944,Ian Adams,Defense,25,98,54,26,18,10,200,145,1
945,Jose Miller,Defense,17,59,49,89,8,15,200,150,3
946,Chad Bell,Defense,36,32,70,92,16,16,250,155,0
947,Steve Sloan,Defense,29,73,95,42,16,16,350,140,1
948,Kyle Jensen,Defense,18,98,54,26,18,14,350,102,1
949,Kenneth Ruiz,Defense,27,43,54,60,18,8,450,150,2
950,Michael Chapman,Defense,32,43,95,26,8,6,250,150,2
951,Joshua Huffman,Defense,29,32,70,92,9,13,350,149,0
952,Michael Jenkins,Defense,20,73,40,89,13,6,350,140,3
953,Jeffrey Cole,Defense,18,59,95,92,18,14,400,102,0
954,Brandon Vega,Defense,20,32,40,89,16,13,250,140,0
955,Eric Christensen,Defense,25,43,40,26,18,10,300,102,2
956,Fernando Robles,Defense,22,98,52,86,18,15,500,155,3
957,Carlos Medina,Defense,27,73,49,60,16,13,500,102,1
958,Jack Landry,Defense,17,32,95,48,8,8,300,149,2
959,Shawn Russell,Defense,29,43,70,48,16,16,350,155,2
960,Darrell Fox,Defense,34,32,40,92,8,15,300,145,0
961,Michael Steele,Defense,21,68,54,92,10,6,200,150,3
962,Douglas Roman,Defense,20,32,40,92,9,6,250,149,0
963,Joseph Riley,Defense,21,39,54,26,10,14,400,149,2
964,Kevin Cox,Defense,29,68,52,86,9,8,400,145,3
965,Robert Jordan,Defense,20,43,54,26,10,10,250,155,2
966,Javier Flores,Defense,16,43,40,86,8,10,250,140,0
967,Mark Lowery,Defense,25,98,54,89,10,10,300,150,3
968,Eric Hawkins,Defense,19,39,70,89,13,10,250,150,0
969,David Hobbs,Defense,18,68,54,89,13,16,300,102,3
970,Michael Watson,Defense,22,98,52,92,13,8,400,140,3
971,Jeremy Castillo,Defense,17,43,95,42,8,6,450,145,2
972,Jeremiah Mcconnell,Defense,27,59,70,86,8,15,350,150,0
973,Jason Campbell,Defense,16,59,48,60,18,6,350,145,1
974,David Jimenez,Defense,20,68,52,60,13,6,200,145,1
975,Luis Smith,Defense,34,73,54,86,10,10,300,90,3
976,Chris Mendoza,Defense,36,68,70,48,9,6,300,149,1
977,Kenneth Williams,Defense,19,39,48,42,9,14,450,150,2
978,Donald Moss,Defense,21,39,95,26,13,16,400,155,2
979,Anthony Price,Defense,29,98,49,92,18,6,450,102,3
980,Joseph Anderson,Defense,16,98,95,42,8,15,250,140,1
981,Adam Foster,Defense,32,73,48,92,13,10,350,150,3
982,Terrence Newman,Defense,29,68,70,89,13,10,250,155,0
983,Phillip Jenkins,Defense,17,73,54,48,13,8,200,149,1
984,Brandon Johnson,Defense,18,43,49,48,8,16,250,102,2
985,Christopher Hurley,Defense,22,39,52,92,16,16,500,90,0
986,Ryan Barnes,Defense,17,98,49,86,16,15,450,145,3
987,Christian Haney,Defense,29,43,70,89,10,10,400,140,0
988,Scott Gonzalez,Defense,22,73,95,48,13,14,400,102,1
989,Keith Henry,Defense,36,98,48,48,9,15,450,150,1
990,Anthony Anderson,Defense,17,59,95,48,16,16,350,140,1
991,Mark Kelly,Defense,34,73,49,89,13,13,450,149,3
992,Brandon Jones,Defense,20,73,70,48,13,13,500,155,1
993,Michael Mccall,Defense,36,43,52,86,18,10,350,155,0
994,John Hale,Defense,19,32,48,26,13,8,500,149,2
995,John Cannon,Defense,27,98,49,89,8,8,450,140,3
996,Patrick Fischer MD,Defense,19,59,48,86,9,8,400,145,3
997,Gregory Foster,Defense,18,39,49,86,13,8,400,150,0
998,Anthony Hodge,Defense,36,68,48,26,9,15,350,145,1
999,Thomas Bell,Defense,27,43,95,60,13,16,400,145,2
1000,Dr. Joshua Thomas,Defense,21,32,52,26,13,8,350,149,2
1001,Carlos Eaton,Defense,32,59,54,92,8,13,500,90,3
1002,Scott Rivas,Defense,32,73,70,92,18,16,250,90,0
1003,Allen Hale,Defense,20,32,49,60,13,10,200,150,2
1004,James Sullivan,Defense,16,59,49,60,8,10,200,90,1
1005,Daniel Archer,Defense,25,68,95,26,18,15,350,155,1
1006,Jeremy Alexander,Defense,21,68,52,26,13,15,500,149,1
1007,Peter Salas,Defense,21,32,54,89,13,6,200,150,0
1008,Tanner Gross,Defense,27,98,40,92,13,15,250,90,3
1009,Joseph Thompson,Defense,17,39,54,48,18,14,500,155,2
1010,Jose Harris,Defense,18,59,48,42,18,14,400,155,1
1011,Scott Burch,Defense,18,59,48,26,8,13,300,145,1
1012,Mark Turner,Defense,29,43,49,48,9,14,400,155,2
1013,Travis Ponce,Defense,25,73,54,26,13,8,250,145,1
1014,Ronnie Clark,Defense,29,98,95,86,18,14,400,140,3
1015,Joshua Harrell,Defense,19,98,52,42,10,13,400,150,1
1016,Earl Miller,Defense,32,59,70,42,13,16,450,90,1
1017,Steven White,Defense,19,39,52,89,13,8,450,145,0
1018,Bradley Bush,Defense,18,43,52,48,10,13,250,150,2
1019,Mr. Matthew Harris,Defense,32,43,49,26,9,6,400,145,2
1020,Matthew Taylor,Defense,27,59,49,86,9,6,450,150,3
1021,James Bender,Defense,21,68,48,92,13,16,200,102,3
1022,Austin Byrd,Defense,22,73,70,92,18,16,300,102,0
1023,Rick Ryan,Defense,21,32,40,86,16,16,350,155,0
1024,Lucas Hawkins,Defense,17,68,48,48,8,8,200,140,1
1025,Nicholas Mccarthy,Defense,17,68,95,89,16,14,400,155,0
1026,Arthur Chan,Defense,36,39,48,48,13,10,250,155,2
1027,Anthony Bradley,Defense,21,59,52,92,13,6,300,145,3
1028,Craig Perry,Defense,32,43,48,60,8,14,500,90,2
1029,Daniel Lopez,Defense,36,59,95,60,8,8,300,149,1
1030,Scott Crawford,Defense,36,98,49,26,13,10,450,140,1
1031,Mark Kennedy,Defense,16,59,40,60,10,14,200,145,1
1032,Michael Marquez,Defense,27,68,48,42,13,10,200,102,1
1033,Patrick Parker,Defense,21,32,54,92,13,16,250,90,0
1034,Stephen Moran,Defense,32,32,49,42,9,14,500,102,2
1035,Alex Graham,Defense,20,39,49,86,13,13,250,140,0
1036,Keith Werner,Defense,22,59,54,89,10,8,300,102,3
1037,Michael Peterson,Defense,25,68,49,89,9,16,350,102,3
1038,Gary Zimmerman,Defense,19,73,40,86,8,16,400,145,3
1039,Paul Barker,Defense,34,32,70,26,18,6,350,145,2
1040,Samuel Mora,Defense,18,73,40,92,13,16,400,102,3
1041,John Lyons,Defense,32,43,54,48,16,14,250,145,2
1042,Joshua King,Defense,17,43,70,48,10,6,250,140,2
1043,Daniel Wolf,Defense,16,98,54,86,8,10,200,155,3
1044,Jason Reyes,Defense,17,68,48,42,10,16,200,150,1
1045,Jesse Miller,Defense,32,43,49,89,9,14,500,140,0
1046,Gregory Pearson,Defense,29,98,54,86,13,13,450,150,3
1047,Nicholas Carter,Defense,27,73,40,42,13,14,400,102,1
1048,Scott Shaw,Defense,36,43,54,86,13,8,500,102,0
1049,Curtis Oconnell,Defense,17,68,52,92,13,14,300,145,3
1050,Samuel Logan,Defense,17,32,52,48,13,8,400,155,2
1051,Martin Patterson,Defense,18,68,54,60,13,8,500,140,1
1052,Alexander Benson,Defense,27,98,52,92,13,6,350,155,3
1053,Timothy Cruz,Defense,20,43,49,92,18,16,200,155,0
1054,Paul Nguyen,Defense,18,39,48,86,8,14,400,90,0
1055,Daniel Ruiz,Defense,22,32,40,86,13,10,350,102,0
1056,Nathan Walker,Defense,36,43,54,60,13,13,350,155,2
1057,Anthony Ross,Defense,16,32,49,48,18,6,350,149,2
1058,Adrian Johnson,Defense,17,59,54,48,8,16,250,102,1
1059,Patrick Willis,Defense,21,73,40,60,13,6,200,102,1
1060,Samuel Alvarado,Defense,21,43,49,48,9,14,500,150,2
1061,Craig Wagner,Defense,29,43,70,89,10,14,400,155,0
1062,Stephen Solomon,Defense,32,98,48,48,8,10,500,140,1
1063,Richard Arias,Defense,17,39,52,26,18,10,350,102,2
1064,Brian Rich,Defense,22,43,40,86,13,8,500,145,0
1065,Benjamin Johnston,Defense,34,43,48,26,10,13,300,140,2
1066,Calvin Baker,Defense,17,59,52,26,10,15,250,150,1
1067,David Carr,Defense,20,59,95,48,13,15,300,150,1
1068,James Melendez,Defense,27,59,95,60,18,16,400,145,1
1069,John Middleton,Defense,19,68,52,89,10,15,350,90,3
1070,Daniel Beltran,Defense,32,59,95,92,10,6,250,150,0
1071,Dylan Peterson,Defense,19,68,40,26,9,15,400,140,1
1072,Philip Williams,Defense,36,32,54,60,13,14,250,140,2
1073,Patrick Hudson,Defense,36,68,70,60,13,8,400,102,1
1074,Kevin Mccullough,Defense,20,73,49,26,13,10,200,140,1
1075,Jose Adams,Defense,32,98,52,48,10,6,500,155,1
1076,Richard Lane,Defense,17,43,49,42,13,8,500,90,2
1077,Patrick Martinez,Defense,18,32,70,89,18,14,500,150,0
1078,Anthony Harmon,Defense,32,59,48,89,16,13,500,102,3
1079,Daniel Thompson,Defense,20,39,40,86,10,14,200,145,0
1080,Frank Phillips,Defense,21,59,52,92,16,14,250,155,3
1081,Frank Pope,Defense,16,39,70,48,10,6,400,90,2
1082,Matthew Robertson,Defense,34,32,52,92,16,6,450,102,0
1083,James Harper,Defense,25,32,52,89,16,10,400,140,0
1084,Raymond Johnson,Defense,20,98,52,86,10,15,200,140,3
1085,Frederick Wilson,Defense,27,59,48,89,18,6,400,155,3
1086,Mark Faulkner,Defense,22,73,54,92,13,14,350,155,3
1087,Brian Glover,Defense,19,59,49,92,18,16,250,145,3
1088,Dr. David Torres Jr.,Defense,16,73,49,92,8,16,400,140,3
1089,Stephen Rogers,Defense,34,59,40,86,13,6,500,155,3
1090,Timothy Davis,Defense,16,73,54,42,8,10,200,150,1
1091,John Becker,Defense,32,32,54,89,10,8,200,155,0
1092,Albert Flores,Defense,16,32,54,26,9,16,300,140,2
1093,Richard Yates,Defense,34,68,70,92,10,10,300,90,0
1094,Ryan Allen,Defense,34,73,40,86,16,6,200,150,3
1095,Albert Rodriguez,Defense,18,73,49,89,13,14,500,90,3
1096,Daniel Mahoney,Defense,21,59,52,89,18,16,300,102,3
1097,David Estes,Defense,22,43,49,42,13,15,200,155,2
1098,Bryce Bass,Defense,32,68,95,42,8,6,300,150,1
1099,Michael Morgan,Defense,32,32,95,92,16,6,350,150,0
1100,Henry Mills,Defense,34,39,54,60,9,10,250,155,2
1101,Jose Jordan,Defense,25,98,52,48,18,10,450,90,1
1102,Nicholas Padilla,Defense,18,39,54,26,10,15,350,149,2
1103,Mark Glover,Defense,22,39,70,89,13,6,350,145,0
1104,Greg Brown,Defense,20,32,48,89,10,16,350,102,0
1105,Richard Horn,Defense,27,32,48,60,9,14,400,90,2
1106,Jeffery Jones,Defense,16,39,48,26,13,13,300,90,2
1107,Charles Mitchell,Defense,25,43,40,92,10,16,400,155,0
1108,Christopher Gutierrez,Defense,29,39,54,86,10,10,500,155,0
1109,David Clay,Defense,36,32,70,60,10,16,450,149,2
1110,Joshua Turner,Defense,17,39,48,60,13,13,450,102,2
1111,Karl Mccoy,Defense,18,59,52,60,13,16,250,145,1
1112,Robert Rodriguez,Defense,27,68,54,26,18,13,450,155,1
1113,Mr. Jose Clements,Defense,36,32,54,48,13,15,350,150,2
1114,James Nguyen,Defense,21,39,49,26,16,6,400,140,2
1115,Paul Gonzalez,Defense,27,68,48,26,13,13,300,90,1
1116,Michael Velazquez,Defense,27,59,48,42,18,6,450,102,1
1117,Steven Rivera,Defense,36,59,54,86,13,15,500,102,3
1118,Alex Abbott,Defense,18,98,52,26,10,10,450,140,1
1119,Phillip Wilkinson,Defense,16,43,40,26,13,16,300,150,2
1120,James Hooper,Defense,21,98,70,26,16,6,500,149,1
1121,Jamie Dalton,Defense,19,73,95,92,16,6,350,155,0
1122,Cesar Woods,Defense,17,59,40,48,8,8,300,140,1
1123,Edwin Pittman,Defense,25,59,49,89,13,10,250,140,3
1124,Mitchell Salazar,Defense,18,68,40,48,13,10,250,150,1
1125,Mark Barnes,Defense,27,43,70,60,10,16,200,150,2
1126,Steven Conley,Defense,36,39,52,89,13,6,450,155,0
1127,Christopher Norton,Defense,17,73,70,92,16,10,300,149,0
1128,Scott Sherman,Defense,20,98,54,48,18,16,450,149,1
1129,Mr. Joseph Jackson MD,Defense,17,68,95,86,10,6,400,145,0
1130,Jeffrey Freeman,Defense,20,73,49,60,18,14,400,145,1
1131,Christopher Kelly,Defense,27,98,49,92,13,13,400,90,3
1132,Nathaniel Allen,Defense,16,39,48,86,8,6,250,155,0
1133,Richard Miller,Defense,22,68,70,42,13,14,200,150,1
1134,Isaac Scott,Defense,29,73,40,26,8,13,350,90,1
1135,Christian Lane II,Defense,21,98,70,86,9,6,450,102,3
1136,Timothy Bowman,Defense,36,43,48,42,16,13,450,145,2
1137,Brian Carson,Defense,17,73,95,42,9,16,450,155,1
1138,Joseph Harris,Defense,36,73,40,42,9,14,350,145,1
1139,Thomas Baker,Defense,29,98,40,86,8,15,450,140,3
1140,Christopher Norman,Defense,21,59,52,26,13,15,400,150,1
1141,Brian Williams,Defense,20,98,52,86,10,13,200,102,3
1142,Christopher Garcia,Defense,17,39,49,48,13,6,200,155,2
1143,Joseph Morris,Defense,16,39,95,60,13,8,200,155,2
1144,James Andrade,Defense,20,98,54,89,10,15,400,155,3
1145,David Ray,Defense,16,43,54,89,8,14,300,150,0
1146,Jack Diaz,Defense,19,68,52,92,16,13,200,102,3
1147,Jeremy Wood,Defense,34,68,95,89,10,8,400,90,0
1148,Jacob Warren,Defense,21,73,70,48,18,14,300,145,1
1149,Dustin Garcia,Defense,36,43,70,26,18,13,500,90,2
1150,Michael Bowen,Defense,22,32,54,92,16,15,400,90,0
1151,James Castillo,Defense,36,59,49,48,8,16,400,102,1
1152,Stephen Stephenson,Defense,19,39,40,86,13,14,300,90,0
1153,Jason Thomas,Defense,20,43,49,48,10,6,350,149,2
1154,Alex Perkins,Defense,19,32,54,92,18,15,250,145,0
1155,Eric Richards,Defense,29,43,48,86,10,16,250,150,0
1156,Brian Pruitt,Defense,27,39,54,42,13,15,400,155,2
1157,Cody Hall,Defense,25,32,52,48,16,14,300,102,2
1158,Daniel Mercado,Defense,18,32,40,86,9,8,250,155,0
1159,Kyle Barnes,Defense,22,98,70,48,16,13,450,155,1
1160,Jerry Jarvis,Defense,17,73,54,60,16,16,400,140,1
1161,Sean Cain,Defense,29,32,54,92,8,10,400,90,0
1162,Jeffrey Martinez,Defense,18,68,54,89,13,6,200,90,3
1163,James Cardenas,Defense,32,32,49,92,9,16,250,150,0
1164,Todd Higgins,Defense,16,68,54,86,18,8,350,149,3
1165,Aaron Sweeney,Defense,21,43,49,86,10,13,350,90,0
1166,Theodore Hughes,Defense,16,68,48,48,10,6,350,102,1
1167,Brandon Branch,Defense,25,73,52,92,10,13,500,90,3
1168,Joshua Hicks,Defense,25,43,70,48,13,10,450,140,2
1169,Matthew Lee,Defense,32,32,40,48,10,6,200,140,2
1170,Joseph Mullins,Defense,34,59,48,48,9,15,450,149,1
1171,Erik Medina,Defense,17,68,52,92,13,16,350,149,3
1172,Joseph Hunt,Defense,36,73,48,60,13,13,400,155,1
1173,Jamie Perez,Defense,18,43,52,26,13,6,350,145,2
1174,Joseph Mcguire,Defense,29,39,49,26,18,6,250,155,2
1175,Ronald Butler,Defense,25,98,40,26,18,14,350,149,1
1176,Andrew Chavez,Defense,19,59,70,48,16,15,250,149,1
1177,Jimmy Davies,Defense,29,39,54,89,18,13,300,149,0
1178,Derek Hayes,Defense,20,39,70,26,18,8,450,140,2
1179,Thomas Byrd,Defense,20,68,70,92,16,10,350,150,0
1180,Curtis Sanders,Defense,25,43,70,26,13,10,450,145,2
1181,Benjamin May,Defense,36,39,48,48,8,16,400,149,2
1182,Aaron Long,Defense,29,59,70,86,10,15,200,140,0
1183,David Johnson,Defense,19,73,95,89,13,16,400,145,0
1184,Joshua Barrera,Defense,22,43,70,60,10,16,200,150,2
1185,Brian Young,Defense,34,39,40,42,8,6,250,145,2
1186,Adam Gonzalez,Defense,21,73,40,60,18,16,500,150,1
1187,Thomas Mcmahon,Defense,21,73,54,86,9,6,200,155,3
1188,Jordan Marsh,Defense,20,98,54,92,9,13,350,149,3
1189,Joseph Hernandez,Defense,32,73,95,48,9,13,450,150,1
1190,Brian Miller,Defense,18,39,40,86,9,15,300,102,0
1191,Jeffrey Robinson,Defense,27,43,52,92,9,14,250,140,0
1192,Mark Tran,Defense,18,73,52,26,16,16,250,145,1
1193,Dennis Gilbert,Defense,36,39,49,48,8,6,400,149,2
1194,Joseph Burton,Defense,36,68,54,86,18,14,300,150,3
1195,Daniel Watson,Defense,16,59,54,60,13,8,250,149,1
1196,James Dennis,Defense,22,68,48,42,16,8,300,102,1
1197,Colin Gould,Defense,21,73,48,60,18,10,500,155,1
1198,Aaron Fox,Defense,20,73,40,48,8,10,250,140,1
1199,Eric Johnson,Defense,18,43,48,48,18,16,350,90,2
1200,Patrick Ford,Defense,17,98,95,86,8,10,300,150,3
1201,Daniel Horton,Defense,20,43,49,92,13,16,400,155,0
1202,Christopher Thomas,Defense,18,68,52,26,9,6,500,145,1
1203,Jeffrey Hernandez,Defense,18,98,70,60,13,8,350,150,1
1204,Charles Lewis II,Defense,21,98,52,92,13,13,500,145,3
1205,Chad Williams,Defense,32,59,40,92,16,8,400,90,3
1206,Jeffery Skinner,Defense,34,32,54,26,13,16,450,102,2
1207,Jason Cox DDS,Defense,32,43,48,42,13,6,200,140,2
1208,Logan Hurley,Defense,17,39,70,60,10,14,300,145,2
1209,Shawn Craig,Defense,27,59,54,60,18,13,450,102,1
1210,Russell Obrien,Defense,18,39,70,42,10,15,350,145,2
1211,Timothy Benton,Defense,32,73,70,26,18,10,500,145,1
1212,Stephen Arnold,Defense,17,98,54,92,18,14,200,90,3
1213,Jeffery Cummings,Defense,25,68,49,92,13,8,250,102,3
1214,Paul Payne,Defense,17,73,48,89,13,15,200,145,3
1215,David Harvey,Defense,21,32,54,89,18,15,500,102,0
1216,Carlos Austin,Defense,17,43,48,42,10,16,250,150,2
1217,Nathan Wagner,Defense,32,59,95,86,16,14,400,102,0
1218,Robert Cowan,Defense,20,32,49,48,9,15,350,155,2
1219,Robert Greer,Defense,18,68,49,26,13,13,500,140,1
1220,Christopher Hendricks,Defense,17,32,52,86,13,14,450,90,0
1221,Donald Thompson,Defense,16,59,95,92,13,16,200,140,0
1222,Ryan Caldwell,Defense,20,73,52,86,8,8,500,150,3
1223,Bradley Kelly,Defense,25,43,49,89,18,13,350,102,0
1224,Kyle Greene,Defense,21,43,48,26,13,15,300,149,2
1225,Jay Hall,Defense,27,43,70,26,13,6,300,140,2
1226,Jeffrey Hester,Defense,22,43,52,48,9,10,450,102,2
1227,Keith Anderson,Defense,34,39,54,89,18,14,300,140,0
1228,David Harmon,Defense,17,32,95,89,18,10,350,150,0
1229,John Wang,Defense,36,68,95,89,18,16,450,149,0
1230,Cody Gonzalez,Defense,18,59,40,92,13,14,200,140,3
1231,Mark Bishop,Defense,19,32,95,86,13,14,250,90,0
1232,Richard Ellis,Defense,36,98,48,26,8,16,400,102,1
1233,Anthony Hobbs,Defense,19,43,54,92,9,14,350,102,0
1234,Jason Robinson,Defense,25,98,70,42,13,13,500,140,1
1235,Robert Horton DDS,Defense,27,73,95,48,13,14,450,149,1
1236,Carlos Snow,Defense,18,43,54,48,16,16,350,145,2
1237,Joseph Cunningham,Defense,27,98,70,48,13,13,450,90,1
1238,Alex Hill,Defense,27,59,52,92,8,13,450,90,3
1239,Eric Goodman,Defense,36,43,40,89,10,14,500,140,0
1240,Mr. Andre Martinez,Defense,21,43,49,48,13,15,400,155,2
1241,Joshua Rhodes,Defense,36,98,49,26,13,15,450,155,1
1242,Robert Jackson,Defense,18,59,49,48,13,15,450,140,1
1243,Robert James,Defense,20,39,54,60,9,15,300,149,2
1244,Chad Brown,Defense,25,73,40,89,9,13,200,145,3
1245,Kevin Velazquez,Defense,18,43,95,86,10,8,300,145,0
1246,Michael Smith,Defense,32,98,52,48,13,6,400,90,1
1247,George Barnes,Defense,20,32,54,92,8,6,400,149,0
1248,Richard Bowen,Defense,29,73,52,60,8,16,200,140,1
1249,Marvin Sutton,Defense,25,98,48,48,8,16,350,150,1
1250,Chris Woods,Defense,16,39,70,86,16,6,500,102,0
1251,Steven Norris,Defense,17,39,40,42,13,13,450,149,2
1252,Michael Franklin,Defense,32,59,48,60,8,8,200,155,1
1253,Bryan Francis,Defense,27,32,54,42,9,14,500,150,2
1254,Andrew Daugherty,Defense,34,73,95,48,13,13,350,149,1
1255,Jonathan Gonzalez,Defense,18,73,49,48,10,8,350,149,1
1256,Thomas Herrera,Defense,29,32,49,92,8,14,450,140,0
1257,Kurt Lopez,Defense,21,39,40,86,16,15,200,149,0
1258,Alexander Salinas,Defense,27,73,48,92,16,16,300,102,3
1259,John Armstrong,Defense,17,98,70,92,13,13,400,149,3
1260,Christopher Brown,Defense,25,43,54,86,9,8,250,145,0
1261,Thomas Hodges,Defense,17,39,40,92,13,13,300,150,0
1262,Calvin Velasquez,Defense,29,73,70,48,16,10,500,90,1
1263,George Schmidt,Defense,18,43,48,48,13,16,200,102,2
1264,Douglas Hall,Defense,17,43,52,26,18,8,200,149,2
1265,Matthew Black,Defense,34,73,40,48,13,15,300,149,1
1266,Timothy Rose III,Defense,17,98,70,48,10,6,450,90,1
1267,Paul Grimes,Defense,21,59,70,42,8,6,350,150,1
1268,Paul Garcia,Defense,34,98,95,60,13,15,450,102,1
1269,Shawn Davis,Defense,36,98,70,92,8,10,200,90,3
1270,Anthony Pierce,Defense,22,73,95,60,8,8,450,140,1
1271,Gregory Little,Defense,18,43,40,92,13,14,300,90,0
1272,Jonathan Hall,Defense,17,39,70,42,13,10,400,140,2
1273,Paul Brown,Defense,36,59,40,89,8,8,250,155,3
1274,Michael Maddox,Defense,25,59,52,26,13,13,500,102,1
1275,Gregory Key,Defense,16,98,52,89,10,15,450,90,3
1276,Mark Cervantes,Defense,32,73,48,48,13,10,500,140,1
1277,Stephen Carroll,Defense,22,43,40,92,8,13,500,150,0
1278,Derek Barr,Defense,22,59,49,60,13,16,400,155,1
1279,Mr. Anthony Greene,Defense,27,32,54,26,8,8,350,90,2
1280,Andrew Abbott,Defense,34,39,49,60,18,6,450,150,2
1281,Terry Edwards,Defense,34,68,95,48,18,16,450,145,1
1282,Kenneth Simmons,Defense,32,98,95,48,13,15,350,140,1
1283,Patrick Crawford,Defense,16,98,54,89,9,13,450,90,3
1284,Austin Fischer,Defense,16,39,52,42,10,15,500,150,2
1285,Eric Lee,Defense,34,32,52,86,13,16,350,102,0
1286,Brian Rivas,Defense,36,32,40,92,8,6,300,140,0
1287,Kenneth Shields,Defense,16,59,95,89,13,16,350,155,0
1288,Mark Houston,Defense,25,73,49,92,8,8,250,145,3
1289,Cody Evans,Defense,21,43,70,26,18,6,450,150,2
1290,Eric Adams,Defense,19,39,48,60,13,6,200,150,2
1291,Steve Baxter,Defense,34,68,95,89,13,16,300,102,0
1292,Brett Owens,Defense,25,32,40,26,18,13,200,90,2
1293,Dennis Wilson,Defense,22,59,54,92,13,8,350,102,3
1294,Stephen Cardenas,Defense,36,73,70,48,13,6,200,145,1
1295,Francisco Martin,Defense,17,98,52,89,10,16,500,155,3
1296,Steven Erickson,Defense,22,43,52,26,10,16,500,102,2
1297,David Bullock,Defense,17,43,48,89,18,10,350,102,0
1298,Rodney Robbins,Defense,16,39,70,26,10,15,250,155,2
1299,Grant Brown,Defense,20,73,70,26,8,13,250,150,1
1300,Benjamin Williams,Defense,34,68,48,89,8,13,350,155,3
1301,Michael Cohen,Defense,17,59,40,92,16,15,200,102,3
1302,Steven Fuller,Defense,18,39,49,26,18,16,300,102,2
1303,Louis Smith,Defense,18,73,54,89,9,8,200,90,3
1304,Robert Fisher,Defense,18,98,49,92,13,16,300,149,3
1305,Eric Chang,Defense,16,68,49,89,16,6,450,150,3
1306,David Buchanan,Defense,16,59,70,48,9,6,250,150,1
1307,Mr. Michael Lara,Defense,32,32,49,89,16,14,250,140,0
1308,Ryan Dean,Defense,20,59,49,86,13,14,350,140,3
1309,Christopher Spencer,Defense,27,73,70,92,9,13,350,150,0
1310,Collin Alvarez,Defense,17,98,70,92,10,6,450,155,3
1311,Keith Sparks,Defense,36,68,48,92,8,10,450,140,3
1312,Robert Watson,Defense,34,68,95,48,18,8,300,90,1
1313,Juan Griffin,Defense,16,43,54,42,10,15,400,145,2
1314,Mark Lamb,Defense,16,39,95,89,8,10,350,155,0
1315,Gary Becker,Defense,29,59,54,42,8,16,300,90,1
1316,Mark Frost,Defense,17,68,40,48,16,15,500,140,1
1317,Michael Ramirez,Defense,29,39,70,48,8,8,500,149,2
1318,Sean Costa,Defense,19,43,40,42,10,6,300,90,2
1319,Gabriel Woods,Defense,22,73,95,26,13,13,350,145,1
1320,Cameron Rodriguez,Defense,22,32,49,92,13,13,350,150,0
1321,James Ford,Defense,29,39,70,60,8,14,350,140,2
1322,Benjamin Gallagher,Defense,25,39,95,86,10,6,250,140,0
1323,Mr. Randall Boyle,Defense,25,98,54,60,8,6,300,150,1
1324,Rodney Mendez,Defense,21,98,70,89,8,15,450,145,3
1325,Patrick Robertson,Defense,25,98,54,42,8,16,350,150,1
1326,Scott Oliver,Defense,16,73,49,60,16,16,200,102,1
1327,Timothy Hull,Defense,27,43,49,26,16,14,250,150,2
1328,Steven Clements,Defense,36,98,52,92,10,13,250,155,3
1329,Christopher Davis,Defense,20,39,40,89,13,16,450,149,0
1330,Mr. Jason Baldwin,Defense,27,43,49,26,18,14,350,150,2
1331,Isaiah Brown,Defense,36,98,40,26,8,8,200,102,1
1332,Tim Medina,Defense,16,98,49,48,18,16,400,149,1
1333,Nicholas Hansen,Defense,19,73,48,42,9,16,250,90,1
1334,Keith Robinson,Defense,27,59,48,86,13,8,250,145,3
1335,Timothy Robertson,Defense,19,39,49,60,10,16,200,140,2
1336,Daniel Cunningham,Defense,19,39,54,92,13,15,350,149,0
1337,Benjamin Moran,Defense,25,59,49,48,10,13,300,140,1
1338,Russell King,Defense,20,43,48,48,8,13,450,155,2
1339,Dustin Warner,Defense,29,68,40,60,10,15,400,140,1
1340,Jeffery Perkins,Defense,18,39,54,86,16,14,300,145,0
1341,Adrian Copeland,Defense,19,68,70,92,18,6,450,102,0
1342,Luis Yates,Defense,32,39,40,86,13,10,500,150,0
1343,James Morales,Defense,18,43,95,60,18,13,350,102,2
1344,Jerome Thornton,Defense,21,39,54,89,9,15,400,155,0
1345,Derek Cox,Defense,22,68,48,92,9,10,300,145,3
1346,Dustin Moore,Defense,18,39,70,42,8,8,450,102,2
1347,Michael Hansen,Defense,32,68,52,86,10,13,450,150,3
1348,Thomas Wilson,Defense,22,73,70,92,8,10,500,90,0
1349,Martin Montgomery,Defense,22,59,95,26,13,13,400,90,1
1350,Adrian Ritter,Defense,32,59,49,60,13,13,500,102,1
1351,Steven Smith,Defense,21,32,70,89,8,13,350,145,0
1352,Curtis Diaz,Defense,19,59,52,26,10,14,500,90,1
1353,Daniel Escobar,Defense,16,68,40,92,18,16,250,155,3
1354,Sean Smith,Defense,27,39,70,89,13,8,200,149,0
1355,Michael Evans,Defense,20,73,40,86,13,10,300,155,3
1356,Shane Lawrence,Defense,19,73,48,92,13,13,350,90,3
1357,Rick Burns,Defense,19,98,70,26,10,14,450,155,1
1358,Christopher Wolfe,Defense,18,59,95,92,10,14,350,155,0
1359,Michael Anthony,Defense,27,98,95,86,9,13,250,155,3
1360,Ryan Rosales,Defense,16,43,40,92,10,15,350,102,0
1361,Mark Adams,Defense,32,59,70,48,10,14,450,155,1
1362,Michael James,Defense,29,98,40,86,18,15,400,140,3
1363,Philip Salinas,Defense,25,32,54,86,16,16,450,102,0
1364,Charles Peterson,Defense,22,43,95,42,13,15,200,149,2
1365,Daniel Gutierrez,Defense,16,39,95,92,16,10,350,102,0
1366,John Mooney,Defense,18,32,40,26,8,16,500,150,2
1367,Reginald Harrell,Defense,18,68,52,26,10,6,500,150,1
1368,Paul Crosby,Defense,16,98,54,89,8,16,400,155,3
1369,Cody Cook,Defense,18,43,52,92,13,10,200,149,0
1370,Donald Ruiz,Defense,19,39,52,42,10,15,400,149,2
1371,James Miles,Defense,17,68,95,48,10,14,300,140,1
1372,Christopher Martin,Defense,36,43,48,89,10,16,400,140,0
1373,Bradley Miranda,Defense,19,43,49,26,10,8,500,150,2
1374,Clifford Campos,Defense,34,39,70,42,8,15,450,145,2
1375,Erik Kaufman,Defense,29,39,52,89,18,15,200,149,0
1376,Joseph Henry,Defense,32,39,40,86,8,10,500,150,0
1377,Jeffrey Smith,Defense,22,68,52,89,9,13,350,90,3
1378,Christopher Ford,Defense,16,68,48,92,13,14,500,150,3
1379,Patrick Garcia,Defense,21,68,54,60,18,8,200,140,1
1380,Nicholas Rubio,Defense,17,32,70,92,13,16,250,149,0
1381,Jason Joseph,Defense,22,59,52,26,13,13,250,155,1
1382,Brian Robles,Defense,29,59,48,48,13,10,350,155,1
1383,Michael Moore,Defense,17,43,70,42,18,15,200,149,2
1384,Jose Fletcher,Defense,29,59,40,86,13,6,200,140,3
1385,Joseph Bauer,Defense,27,68,40,89,18,16,300,145,3
1386,Patrick Morrow,Defense,17,39,49,48,13,14,250,145,2
1387,Donald Duncan,Defense,21,39,40,86,9,8,400,149,0
1388,Patrick James,Defense,29,39,40,86,13,16,350,155,0
1389,Chad Rice,Defense,19,32,49,92,16,15,400,150,0
1390,Brian Shields,Defense,16,39,54,48,8,10,500,145,2
1391,Jay Myers,Defense,32,73,54,60,13,15,500,150,1
1392,Jeff Taylor,Defense,17,98,52,92,9,14,400,102,3
1393,Patrick Gray,Defense,25,43,54,26,13,8,400,102,2
1394,Gregory Garrett,Defense,20,39,95,26,9,14,350,155,2
1395,David Santos,Defense,27,43,40,92,18,14,250,149,0
1396,Chad Hall,Defense,25,32,49,60,16,8,500,145,2
1397,Mark Gill,Defense,22,39,70,89,13,6,450,155,0
1398,John Hess,Defense,18,32,48,60,8,14,350,102,2
1399,Mark Rowland,Defense,27,39,48,26,9,6,300,102,2
1400,Samuel Roach,Defense,21,68,95,89,18,14,400,145,0
1401,Lance Anderson,Defense,25,73,52,42,13,8,450,149,1
1402,Scott Atkins,Defense,20,43,95,48,10,16,400,149,2
1403,Matthew Booth,Defense,29,43,40,92,16,6,300,102,0
1404,Grant Gates,Defense,25,43,70,60,9,6,400,149,2
1405,Bill Johnson,Defense,32,73,40,86,9,15,400,150,3
1406,Patrick Taylor,Defense,18,39,48,92,8,16,300,102,0
1407,Logan Warren,Defense,21,39,40,60,13,16,500,140,2
1408,John Ortiz,Defense,32,59,70,42,13,8,450,145,1
1409,Alexander Clark,Defense,29,73,95,42,8,13,300,140,1
1410,Jared Livingston,Defense,21,68,40,86,8,8,400,155,3
1411,Hunter Hoffman,Defense,36,39,52,48,16,6,350,155,2
1412,Hector Jennings,Defense,21,32,40,92,8,13,200,150,0
1413,Matthew Rhodes,Defense,17,43,52,42,13,14,400,90,2
1414,Robert Bradley,Defense,27,98,54,60,13,14,200,90,1
1415,Christopher Best,Defense,32,68,54,92,13,6,250,140,3
1416,Stephen Hernandez,Defense,25,73,95,42,16,10,200,149,1
1417,Richard Wang,Defense,34,39,70,86,10,15,400,145,0
1418,Mark Mills,Defense,17,39,48,60,13,15,250,155,2
1419,Jose Newton,Defense,21,39,54,86,18,8,400,149,0
1420,Joshua Collins,Defense,19,98,95,92,18,6,250,155,3
1421,Jose Wilson,Defense,18,98,95,89,13,16,200,150,3
1422,Jeff Baxter,Defense,36,43,52,42,13,16,250,102,2
1423,Tanner Dunn,Defense,29,43,48,92,8,14,300,150,0
1424,Danny Carey,Defense,22,98,52,92,18,14,300,140,3
1425,Thomas Bray,Defense,22,39,49,86,8,14,250,145,0
1426,Colton Fowler,Defense,18,43,49,89,13,8,300,150,0
1427,Nathan Kennedy,Defense,36,68,70,48,8,8,450,155,1
1428,Charles Adams,Defense,17,59,52,26,9,10,500,102,1
1429,Roger Ayala,Defense,16,59,70,26,13,15,450,155,1
1430,David Pollard,Defense,36,39,49,60,13,14,350,102,2
1431,Anthony Gonzales,Defense,18,43,49,92,13,13,500,140,0
1432,Ryan Roberson,Defense,17,68,48,26,13,16,200,90,1
1433,Aaron Hill,Defense,34,32,70,48,10,15,450,149,2
1434,Thomas Payne,Defense,36,43,49,42,13,13,500,140,2
1435,Daniel Mcgee MD,Defense,20,68,48,42,13,10,300,149,1
1436,Keith Robertson,Defense,34,73,54,48,16,10,400,102,1
1437,Justin Wallace,Defense,34,32,70,48,18,8,500,90,2
1438,Ryan Campbell,Defense,36,39,40,89,9,8,500,155,0
1439,Edward Rich,Defense,22,43,49,26,13,13,500,90,2
1440,Jason Reid,Defense,18,73,40,89,13,14,500,149,3
1441,Ricky Sweeney,Defense,22,98,49,92,18,13,350,149,3
1442,Justin Cox,Defense,36,43,52,42,18,16,450,140,2
1443,Jason Hopkins,Defense,29,39,52,86,18,6,350,140,0
1444,Jeremy Brown,Defense,20,43,54,60,16,15,250,145,2
1445,Thomas Vargas,Defense,16,73,95,48,10,8,500,145,1
1446,Stephen Miller,Defense,25,98,49,89,18,13,400,150,3
1447,Ethan Meyer,Defense,19,73,54,48,18,15,200,150,1
1448,Steven Norman,Defense,20,43,52,86,8,16,400,149,0
1449,David Joseph,Defense,25,68,48,26,13,15,450,150,1
1450,Jermaine White,Defense,16,73,49,92,13,14,350,155,3
1451,Michael Newman,Defense,32,32,49,89,16,14,400,102,0
1452,John Reed,Defense,25,98,48,92,13,16,200,145,3
1453,John Ali,Defense,16,39,48,92,9,15,400,102,0
1454,John Flynn,Defense,27,32,52,48,13,10,400,90,2
1455,Michael Graves,Defense,27,68,54,92,9,16,500,149,3
1456,Travis Barber,Defense,18,98,52,60,13,14,250,145,1
1457,Frank Marquez,Defense,32,39,52,86,9,10,350,155,0
1458,Dr. Jose Porter,Defense,36,59,40,86,8,14,250,145,3
1459,Bradley Martinez,Defense,21,98,48,26,16,6,500,90,1
1460,Matthew Franklin,Defense,29,32,70,26,8,10,350,145,2
1461,Mark Nichols,Defense,18,73,54,89,13,6,400,140,3
1462,Andrew Wells,Defense,22,73,40,86,8,13,200,149,3
1463,Mr. Paul Stokes,Defense,36,32,49,26,10,6,400,102,2
1464,Jonathan Griffin,Defense,16,73,54,92,8,14,450,90,3
1465,Alex Marshall,Defense,20,43,52,60,16,15,450,102,2
1466,James Williams,Defense,27,32,49,86,13,10,250,149,0
1467,Casey Ponce,Defense,36,39,52,42,18,16,350,140,2
1468,Curtis Taylor,Defense,19,73,49,26,18,16,450,150,1
1469,Eric Wagner,Defense,22,98,54,60,16,14,500,140,1
1470,Todd Lynch,Defense,27,32,48,26,16,6,500,150,2
1471,Scott Gomez,Defense,32,68,54,26,9,14,350,155,1
1472,Jacob Underwood,Defense,16,32,70,89,9,13,300,145,0
1473,James Rodriguez,Defense,22,32,48,92,13,8,250,102,0
1474,Christopher Farmer,Defense,21,32,48,86,18,8,200,145,0
1475,John Higgins,Defense,21,32,49,60,9,14,300,155,2
1476,Benjamin Landry,Defense,22,68,49,86,16,8,300,155,3
1477,Jonathan Adams,Defense,17,68,54,92,16,10,300,149,3
1478,Andrew Gallegos,Defense,29,73,49,92,9,14,350,140,3
1479,Kevin Hart,Defense,17,32,70,86,10,16,350,150,0
1480,Mark Young,Defense,34,73,95,89,9,14,300,102,0
1481,Craig Young,Defense,36,73,48,42,13,15,350,102,1
1482,Daniel Woods,Defense,20,98,52,92,10,15,500,149,3
1483,Steven Kaiser,Defense,19,73,95,86,8,10,350,155,0
1484,Jerry Kaufman,Defense,19,73,49,86,18,16,350,149,3
1485,Phillip Nunez,Defense,22,32,54,48,13,6,350,140,2
1486,Ruben Mccarthy,Defense,20,98,52,86,9,8,500,140,3
1487,Michael Kim,Defense,19,43,49,42,13,8,300,90,2
1488,Gregory Lester,Defense,29,98,52,60,16,14,500,145,1
1489,Eugene Hill,Defense,17,98,54,60,18,16,400,145,1
1490,Francisco Hanson,Defense,20,68,49,92,18,15,250,145,3
1491,Justin Palmer,Defense,21,68,52,60,18,15,250,102,1
1492,Trevor Lee,Defense,19,59,52,92,18,10,350,150,3
1493,Douglas Powers,Defense,21,98,40,26,18,14,300,149,1
1494,Anthony Nichols,Defense,22,98,49,92,8,15,300,90,3
1495,Dustin Woods,Defense,18,98,48,89,10,8,350,90,3
1496,Sergio Dunn,Defense,17,59,54,92,13,10,500,140,3
1497,Thomas Torres,Defense,36,43,95,26,13,10,200,90,2
1498,Benjamin Moore,Defense,19,39,54,42,9,14,450,145,2
1499,Anthony Davila,Defense,17,43,54,92,9,13,500,149,0
